N_iter,Min_dist,N_mc,Toler,Learning rate,Tiempo ejecucion,Primer minimo,Δ True Min,Segundo minimo,Δ True Min2
100,0.1,50,0.1,0.1,0.0208,-1.125,0.125,0.1,0.9
100,0.1,50,0.1,0.05,0.0107,1.0,0.0,0.4,0.6
100,0.1,50,0.1,0.01,0.0077,-1.7,0.7,1.2,0.19999999999999996
100,0.1,50,0.1,0.0001,0.0079,-1.6,0.6000000000000001,-0.9,0.09999999999999998
100,0.1,50,0.05,0.1,0.021,0.8847,0.11529999999999996,1.0944,0.09440000000000004
100,0.1,50,0.05,0.05,0.0149,0.6,0.4,-1.1894,0.1894
100,0.1,50,0.05,0.01,0.0103,0.8,0.19999999999999996,-0.8,0.19999999999999996
100,0.1,50,0.05,0.0001,0.0075,-1.3,0.30000000000000004,2.0,1.0
100,0.1,50,0.01,0.1,0.0461,0.9936,0.006399999999999961,-1.0,0.0
100,0.1,50,0.01,0.05,0.0652,-1.0458,0.04580000000000006,0.9543,0.04569999999999996
100,0.1,50,0.01,0.01,0.0409,-0.1,0.9,-1.1832,0.18320000000000003
100,0.1,50,0.01,0.0001,0.007,0.3,0.7,1.7,0.7
100,0.1,50,0.0001,0.1,0.1009,0.9998,0.00019999999999997797,-0.9998,0.00019999999999997797
100,0.1,50,0.0001,0.05,0.1905,-1.0004,0.00039999999999995595,0.9995,0.0004999999999999449
100,0.1,50,0.0001,0.01,0.5913,-0.9976,0.0023999999999999577,0.9849,0.015100000000000002
100,0.1,50,0.0001,0.0001,0.3475,-1.6403,0.6403000000000001,1.7257,0.7257
100,0.1,100,0.1,0.1,0.0197,-0.8,0.19999999999999996,0.9082,0.09179999999999999
100,0.1,100,0.1,0.05,0.024,0.0,1.0,-1.2656,0.26560000000000006
100,0.1,100,0.1,0.01,0.0143,1.2,0.19999999999999996,1.7,0.7
100,0.1,100,0.1,0.0001,0.0157,-1.1,0.10000000000000009,1.5,0.5
100,0.1,100,0.05,0.1,0.0362,0.1,0.9,-0.2,0.8
100,0.1,100,0.05,0.05,0.028,1.1728,0.17280000000000006,0.7,0.30000000000000004
100,0.1,100,0.05,0.01,0.0216,0.8,0.19999999999999996,1.6,0.6000000000000001
100,0.1,100,0.05,0.0001,0.0138,0.7,0.30000000000000004,0.4,0.6
100,0.1,100,0.01,0.1,0.0882,0.0,1.0,1.0219,0.02190000000000003
100,0.1,100,0.01,0.05,0.1304,-1.0386,0.03859999999999997,1.0467,0.046699999999999964
100,0.1,100,0.01,0.01,0.0763,0.7,0.30000000000000004,-0.5,0.5
100,0.1,100,0.01,0.0001,0.0158,-1.6,0.6000000000000001,0.8,0.19999999999999996
100,0.1,100,0.0001,0.1,0.2092,0.9998,0.00019999999999997797,-0.9998,0.00019999999999997797
100,0.1,100,0.0001,0.05,0.4247,1.0004,0.00039999999999995595,-1.0004,0.00039999999999995595
100,0.1,100,0.0001,0.01,1.2179,1.0057,0.005700000000000038,-0.9563,0.04369999999999996
100,0.1,100,0.0001,0.0001,0.5805,-0.0,1.0,-1.2828,0.28279999999999994
100,0.1,150,0.1,0.1,0.0372,0.4,0.6,0.1,0.9
100,0.1,150,0.1,0.05,0.0404,1.2656,0.26560000000000006,0.8,0.19999999999999996
100,0.1,150,0.1,0.01,0.0258,-0.8,0.19999999999999996,-1.8,0.8
100,0.1,150,0.1,0.0001,0.0306,-1.7,0.7,0.5,0.5
100,0.1,150,0.05,0.1,0.0722,-0.8703,0.12970000000000004,0.1,0.9
100,0.1,150,0.05,0.05,0.0487,0.9,0.09999999999999998,-1.1884,0.1883999999999999
100,0.1,150,0.05,0.01,0.0442,0.7,0.30000000000000004,-1.5809,0.5809
100,0.1,150,0.05,0.0001,0.0274,-0.5,0.5,0.3,0.7
100,0.1,150,0.01,0.1,0.1763,-1.0177,0.01770000000000005,0.9838,0.016199999999999992
100,0.1,150,0.01,0.05,0.262,-1.0,0.0,0.9534,0.046599999999999975
100,0.1,150,0.01,0.01,0.1736,1.184,0.18399999999999994,-1.1824,0.1823999999999999
100,0.1,150,0.01,0.0001,0.0223,-1.1,0.10000000000000009,0.1,0.9
100,0.1,150,0.0001,0.1,0.3421,0.9998,0.00019999999999997797,-0.9998,0.00019999999999997797
100,0.1,150,0.0001,0.05,0.6821,1.0004,0.00039999999999995595,-1.0004,0.00039999999999995595
100,0.1,150,0.0001,0.01,1.7174,1.005,0.004999999999999893,-0.8327,0.1673
100,0.1,150,0.0001,0.0001,0.7042,-0.4,0.6,-0.0,1.0
100,0.1,200,0.1,0.1,0.0393,-1.125,0.125,0.5,0.5
100,0.1,200,0.1,0.05,0.0463,-1.2392,0.23920000000000008,1.2677,0.26770000000000005
100,0.1,200,0.1,0.01,0.0293,-0.5,0.5,-1.4,0.3999999999999999
100,0.1,200,0.1,0.0001,0.0288,1.3,0.30000000000000004,-0.2,0.8
100,0.1,200,0.05,0.1,0.072,0.8576,0.14239999999999997,-1.0652,0.06519999999999992
100,0.1,200,0.05,0.05,0.0529,-0.3,0.7,-1.1,0.10000000000000009
100,0.1,200,0.05,0.01,0.04,-1.1,0.10000000000000009,-1.6,0.6000000000000001
100,0.1,200,0.05,0.0001,0.0291,-1.7,0.7,-0.5,0.5
100,0.1,200,0.01,0.1,0.1864,-0.9747,0.02529999999999999,1.0169,0.016899999999999915
100,0.1,200,0.01,0.05,0.2959,-1.0386,0.03859999999999997,0.9522,0.047799999999999954
100,0.1,200,0.01,0.01,0.1689,0.1,0.9,-0.1,0.9
100,0.1,200,0.01,0.0001,0.0283,1.3,0.30000000000000004,0.9,0.09999999999999998
100,0.1,200,0.0001,0.1,0.3734,0.9998,0.00019999999999997797,-0.9998,0.00019999999999997797
100,0.1,200,0.0001,0.05,0.7713,0.9995,0.0004999999999999449,-1.0004,0.00039999999999995595
100,0.1,200,0.0001,0.01,2.2612,-0.9849,0.015100000000000002,-0.591,0.40900000000000003
100,0.1,200,0.0001,0.0001,0.9521,-0.4,0.6,1.4645,0.4644999999999999
100,0.2,50,0.1,0.1,0.0115,0.8,0.19999999999999996,-0.2,0.8
100,0.2,50,0.1,0.05,0.0114,0.1,0.9,0.7,0.30000000000000004
100,0.2,50,0.1,0.01,0.0081,-0.5,0.5,0.7,0.30000000000000004
100,0.2,50,0.1,0.0001,0.0071,0.8,0.19999999999999996,-0.7,0.30000000000000004
100,0.2,50,0.05,0.1,0.0197,-1.0944,0.09440000000000004,0.1,0.9
100,0.2,50,0.05,0.05,0.0144,1.1894,0.1894,-1.1894,0.1894
100,0.2,50,0.05,0.01,0.0108,0.3,0.7,0.7,0.30000000000000004
100,0.2,50,0.05,0.0001,0.0066,0.5,0.5,1.4,0.3999999999999999
100,0.2,50,0.01,0.1,0.0563,1.0177,0.01770000000000005,-0.9804,0.01959999999999995
100,0.2,50,0.01,0.05,0.0713,1.0375,0.03750000000000009,-0.947,0.05300000000000005
100,0.2,50,0.01,0.01,0.0513,-0.1,0.9,-0.8,0.19999999999999996
100,0.2,50,0.01,0.0001,0.0072,0.6,0.4,-1.5,0.5
100,0.2,50,0.0001,0.1,0.0966,-0.9998,0.00019999999999997797,0.9998,0.00019999999999997797
100,0.2,50,0.0001,0.05,0.1969,1.0004,0.00039999999999995595,-0.9995,0.0004999999999999449
100,0.2,50,0.0001,0.01,0.5452,-0.9563,0.04369999999999996,1.0057,0.005700000000000038
100,0.2,50,0.0001,0.0001,0.3171,1.8096,0.8096000000000001,-1.6403,0.6403000000000001
100,0.2,100,0.1,0.1,0.0194,-1.125,0.125,-0.7,0.30000000000000004
100,0.2,100,0.1,0.05,0.0243,-1.2656,0.26560000000000006,1.2392,0.23920000000000008
100,0.2,100,0.1,0.01,0.014,0.3,0.7,1.2,0.19999999999999996
100,0.2,100,0.1,0.0001,0.0151,-1.4,0.3999999999999999,-1.9,0.8999999999999999
100,0.2,100,0.05,0.1,0.0405,-0.0,1.0,-0.8576,0.14239999999999997
100,0.2,100,0.05,0.05,0.0308,-1.1589,0.15890000000000004,1.0,0.0
100,0.2,100,0.05,0.01,0.0227,1.2,0.19999999999999996,-0.1,0.9
100,0.2,100,0.05,0.0001,0.0154,1.9,0.8999999999999999,-0.9,0.09999999999999998
100,0.2,100,0.01,0.1,0.0932,-0.9747,0.02529999999999999,0.9776,0.022399999999999975
100,0.2,100,0.01,0.05,0.128,-1.0386,0.03859999999999997,1.0386,0.03859999999999997
100,0.2,100,0.01,0.01,0.0906,-1.184,0.18399999999999994,0.1,0.9
100,0.2,100,0.01,0.0001,0.014,-0.3,0.7,1.2,0.19999999999999996
100,0.2,100,0.0001,0.1,0.2019,0.9998,0.00019999999999997797,-1.0002,0.00019999999999997797
100,0.2,100,0.0001,0.05,0.3926,-0.9995,0.0004999999999999449,1.0004,0.00039999999999995595
100,0.2,100,0.0001,0.01,1.1473,-1.0025,0.0024999999999999467,0.9911,0.008900000000000019
100,0.2,100,0.0001,0.0001,0.4603,0.4,0.6,0.0,1.0
100,0.2,150,0.1,0.1,0.0306,-1.0574,0.057399999999999896,-0.4,0.6
100,0.2,150,0.1,0.05,0.032,0.9,0.09999999999999998,-1.2656,0.26560000000000006
100,0.2,150,0.1,0.01,0.0219,0.5,0.5,-0.1,0.9
100,0.2,150,0.1,0.0001,0.0214,0.6,0.4,1.4,0.3999999999999999
100,0.2,150,0.05,0.1,0.0651,-1.1,0.10000000000000009,0.8431,0.15690000000000004
100,0.2,150,0.05,0.05,0.0419,1.1728,0.17280000000000006,-0.2,0.8
100,0.2,150,0.05,0.01,0.0324,-1.5954,0.5953999999999999,-1.0,0.0
100,0.2,150,0.05,0.0001,0.0206,1.8,0.8,0.1,0.9
100,0.2,150,0.01,0.1,0.1337,1.0177,0.01770000000000005,-0.9747,0.02529999999999999
100,0.2,150,0.01,0.05,0.2072,-0.9508,0.04920000000000002,0.9484,0.05159999999999998
100,0.2,150,0.01,0.01,0.1435,-0.7,0.30000000000000004,-0.2,0.8
100,0.2,150,0.01,0.0001,0.0204,0.4,0.6,-0.1,0.9
100,0.2,150,0.0001,0.1,0.2982,-0.9998,0.00019999999999997797,0.9998,0.00019999999999997797
100,0.2,150,0.0001,0.05,0.5612,-1.0004,0.00039999999999995595,1.0004,0.00039999999999995595
100,0.2,150,0.0001,0.01,1.6371,-0.591,0.40900000000000003,1.0054,0.005400000000000071
100,0.2,150,0.0001,0.0001,0.7134,-0.6,0.4,0.7,0.30000000000000004
100,0.2,200,0.1,0.1,0.0385,0.8,0.19999999999999996,0.0,1.0
100,0.2,200,0.1,0.05,0.0404,1.2392,0.23920000000000008,-0.3,0.7
100,0.2,200,0.1,0.01,0.0283,-1.9,0.8999999999999999,0.4,0.6
100,0.2,200,0.1,0.0001,0.0281,-0.5,0.5,1.1,0.10000000000000009
100,0.2,200,0.05,0.1,0.0763,-0.8847,0.11529999999999996,-1.1008,0.1008
100,0.2,200,0.05,0.05,0.0495,-0.5,0.5,0.0,1.0
100,0.2,200,0.05,0.01,0.0437,-0.0,1.0,1.2,0.19999999999999996
100,0.2,200,0.05,0.0001,0.0277,1.2,0.19999999999999996,1.9,0.8999999999999999
100,0.2,200,0.01,0.1,0.1794,0.9798,0.020199999999999996,-0.9763,0.023700000000000054
100,0.2,200,0.01,0.05,0.237,-1.0386,0.03859999999999997,-0.1,0.9
100,0.2,200,0.01,0.01,0.1735,0.1,0.9,1.1827,0.18270000000000008
100,0.2,200,0.01,0.0001,0.0277,0.8,0.19999999999999996,1.8,0.8
100,0.2,200,0.0001,0.1,0.3649,-0.9998,0.00019999999999997797,0.9998,0.00019999999999997797
100,0.2,200,0.0001,0.05,0.7566,0.9995,0.0004999999999999449,-1.0004,0.00039999999999995595
100,0.2,200,0.0001,0.01,2.1656,-0.9911,0.008900000000000019,1.0046,0.0045999999999999375
100,0.2,200,0.0001,0.0001,1.046,0.1,0.9,0.8,0.19999999999999996
100,0.25,50,0.1,0.1,0.0108,1.1008,0.1008,-0.7,0.30000000000000004
100,0.25,50,0.1,0.05,0.0137,1.2656,0.26560000000000006,-1.2677,0.26770000000000005
100,0.25,50,0.1,0.01,0.0074,0.4,0.6,-1.8,0.8
100,0.25,50,0.1,0.0001,0.0083,-0.1,0.9,-1.7,0.7
100,0.25,50,0.05,0.1,0.0223,1.0633,0.06329999999999991,-1.0652,0.06519999999999992
100,0.25,50,0.05,0.05,0.0157,-0.3,0.7,-1.1825,0.1825000000000001
100,0.25,50,0.05,0.01,0.0118,-1.4,0.3999999999999999,-0.9,0.09999999999999998
100,0.25,50,0.05,0.0001,0.0072,-0.6,0.4,0.3,0.7
100,0.25,50,0.01,0.1,0.05,-0.9839,0.016100000000000003,0.9839,0.016100000000000003
100,0.25,50,0.01,0.05,0.0675,-0.9534,0.046599999999999975,1.0417,0.04170000000000007
100,0.25,50,0.01,0.01,0.0451,1.0,0.0,0.3,0.7
100,0.25,50,0.01,0.0001,0.0065,-1.3,0.30000000000000004,1.6,0.6000000000000001
100,0.25,50,0.0001,0.1,0.0885,0.9998,0.00019999999999997797,-0.9998,0.00019999999999997797
100,0.25,50,0.0001,0.05,0.1865,-1.0004,0.00039999999999995595,0.9995,0.0004999999999999449
100,0.25,50,0.0001,0.01,0.5131,-0.9976,0.0023999999999999577,1.005,0.004999999999999893
100,0.25,50,0.0001,0.0001,0.2266,-0.4,0.6,1.2828,0.28279999999999994
100,0.25,100,0.1,0.1,0.0189,0.8,0.19999999999999996,-1.1,0.10000000000000009
100,0.25,100,0.1,0.05,0.0194,1.3125,0.3125,-1.2,0.19999999999999996
100,0.25,100,0.1,0.01,0.0146,0.4,0.6,-0.5,0.5
100,0.25,100,0.1,0.0001,0.0146,1.7,0.7,-1.4,0.3999999999999999
100,0.25,100,0.05,0.1,0.043,-0.9936,0.006399999999999961,1.1008,0.1008
100,0.25,100,0.05,0.05,0.0296,-0.5,0.5,1.1884,0.1883999999999999
100,0.25,100,0.05,0.01,0.0218,0.9,0.09999999999999998,-0.7,0.30000000000000004
100,0.25,100,0.05,0.0001,0.0148,-1.1,0.10000000000000009,-0.3,0.7
100,0.25,100,0.01,0.1,0.0906,0.9763,0.023700000000000054,-1.0188,0.018799999999999928
100,0.25,100,0.01,0.05,0.1394,0.9484,0.05159999999999998,-0.947,0.05300000000000005
100,0.25,100,0.01,0.01,0.0982,-1.1831,0.18310000000000004,1.0,0.0
100,0.25,100,0.01,0.0001,0.014,-0.9,0.09999999999999998,-1.7,0.7
100,0.25,100,0.0001,0.1,0.1966,0.9998,0.00019999999999997797,-0.9998,0.00019999999999997797
100,0.25,100,0.0001,0.05,0.389,0.9995,0.0004999999999999449,-0.9995,0.0004999999999999449
100,0.25,100,0.0001,0.01,1.1094,1.0046,0.0045999999999999375,-1.0,0.0
100,0.25,100,0.0001,0.0001,0.5044,-0.7,0.30000000000000004,1.8096,0.8096000000000001
100,0.25,150,0.1,0.1,0.0299,-0.2,0.8,-0.5,0.5
100,0.25,150,0.1,0.05,0.0359,-0.9,0.09999999999999998,1.2677,0.26770000000000005
100,0.25,150,0.1,0.01,0.0224,0.5,0.5,-1.1,0.10000000000000009
100,0.25,150,0.1,0.0001,0.0213,0.6,0.4,-0.8,0.19999999999999996
100,0.25,150,0.05,0.1,0.0567,0.9082,0.09179999999999999,-0.0,1.0
100,0.25,150,0.05,0.05,0.0424,1.1894,0.1894,-1.154,0.15399999999999991
100,0.25,150,0.05,0.01,0.0317,0.8,0.19999999999999996,-1.5949,0.5949
100,0.25,150,0.05,0.0001,0.0217,1.4,0.3999999999999999,-1.6,0.6000000000000001
100,0.25,150,0.01,0.1,0.1282,0.9747,0.02529999999999999,-0.9822,0.017800000000000038
100,0.25,150,0.01,0.05,0.1705,-1.0467,0.046699999999999964,1.0417,0.04170000000000007
100,0.25,150,0.01,0.01,0.1348,-0.9,0.09999999999999998,-1.1894,0.1894
100,0.25,150,0.01,0.0001,0.0202,-1.2,0.19999999999999996,-0.2,0.8
100,0.25,150,0.0001,0.1,0.2808,-0.9998,0.00019999999999997797,0.9998,0.00019999999999997797
100,0.25,150,0.0001,0.05,0.5551,-0.9995,0.0004999999999999449,0.9995,0.0004999999999999449
100,0.25,150,0.0001,0.01,1.6035,-1.0026,0.0025999999999999357,1.0057,0.005700000000000038
100,0.25,150,0.0001,0.0001,0.8218,-1.7257,0.7257,1.1,0.10000000000000009
100,0.25,200,0.1,0.1,0.0387,-0.3,0.7,0.7,0.30000000000000004
100,0.25,200,0.1,0.05,0.0425,0.9,0.09999999999999998,-1.2656,0.26560000000000006
100,0.25,200,0.1,0.01,0.0286,-0.5,0.5,0.9,0.09999999999999998
100,0.25,200,0.1,0.0001,0.0282,-0.9,0.09999999999999998,-0.4,0.6
100,0.25,200,0.05,0.1,0.0761,0.8806,0.11939999999999995,-0.8576,0.14239999999999997
100,0.25,200,0.05,0.05,0.0577,-1.154,0.15399999999999991,1.1728,0.17280000000000006
100,0.25,200,0.05,0.01,0.0408,-1.1,0.10000000000000009,-0.4,0.6
100,0.25,200,0.05,0.0001,0.0282,-0.8,0.19999999999999996,-0.5,0.5
100,0.25,200,0.01,0.1,0.1795,-0.9747,0.02529999999999999,0.9807,0.019299999999999984
100,0.25,200,0.01,0.05,0.2706,0.9532,0.04679999999999995,-0.9522,0.047799999999999954
100,0.25,200,0.01,0.01,0.188,-1.1,0.10000000000000009,-0.7,0.30000000000000004
100,0.25,200,0.01,0.0001,0.0292,1.1,0.10000000000000009,-0.4,0.6
100,0.25,200,0.0001,0.1,0.3643,-0.9998,0.00019999999999997797,0.9998,0.00019999999999997797
100,0.25,200,0.0001,0.05,0.7582,-0.9995,0.0004999999999999449,0.9995,0.0004999999999999449
100,0.25,200,0.0001,0.01,2.071,0.9952,0.0048000000000000265,-0.0,1.0
100,0.25,200,0.0001,0.0001,1.0977,-1.5532,0.5531999999999999,-0.0,1.0
100,0.5,50,0.1,0.1,0.0103,1.1008,0.1008,-1.1,0.10000000000000009
100,0.5,50,0.1,0.05,0.0112,-1.2392,0.23920000000000008,0.1,0.9
100,0.5,50,0.1,0.01,0.0072,-1.9,0.8999999999999999,0.8,0.19999999999999996
100,0.5,50,0.1,0.0001,0.0074,-1.7,0.7,1.6,0.6000000000000001
100,0.5,50,0.05,0.1,0.0208,-1.0652,0.06519999999999992,0.8703,0.12970000000000004
100,0.5,50,0.05,0.05,0.0168,1.1907,0.1907000000000001,0.3,0.7
100,0.5,50,0.05,0.01,0.0107,-0.3,0.7,1.1,0.10000000000000009
100,0.5,50,0.05,0.0001,0.0091,-0.2,0.8,1.9,0.8999999999999999
100,0.5,50,0.01,0.1,0.0442,-1.0169,0.016899999999999915,1.0,0.0
100,0.5,50,0.01,0.05,0.0652,-1.0,0.0,0.9532,0.04679999999999995
100,0.5,50,0.01,0.01,0.0498,0.3,0.7,1.1894,0.1894
100,0.5,50,0.01,0.0001,0.007,-0.5,0.5,-1.5,0.5
100,0.5,50,0.0001,0.1,0.0871,0.9998,0.00019999999999997797,-1.0002,0.00019999999999997797
100,0.5,50,0.0001,0.05,0.1841,0.9995,0.0004999999999999449,-1.0004,0.00039999999999995595
100,0.5,50,0.0001,0.01,0.6163,-0.9746,0.025399999999999978,1.0,0.0
100,0.5,50,0.0001,0.0001,0.2715,-1.1,0.10000000000000009,-0.3,0.7
100,0.5,100,0.1,0.1,0.0173,1.0,0.0,-0.4,0.6
100,0.5,100,0.1,0.05,0.0191,-0.8,0.19999999999999996,0.7,0.30000000000000004
100,0.5,100,0.1,0.01,0.0134,1.1,0.10000000000000009,0.1,0.9
100,0.5,100,0.1,0.0001,0.0133,-1.7,0.7,1.7,0.7
100,0.5,100,0.05,0.1,0.037,1.0574,0.057399999999999896,-1.0574,0.057399999999999896
100,0.5,100,0.05,0.05,0.0277,0.9,0.09999999999999998,-1.1825,0.1825000000000001
100,0.5,100,0.05,0.01,0.0213,1.1,0.10000000000000009,-1.5,0.5
100,0.5,100,0.05,0.0001,0.0134,0.3,0.7,-0.6,0.4
100,0.5,100,0.01,0.1,0.1012,-0.9804,0.01959999999999995,0.9807,0.019299999999999984
100,0.5,100,0.01,0.05,0.1373,0.9484,0.05159999999999998,-1.0428,0.04279999999999995
100,0.5,100,0.01,0.01,0.0948,-1.0,0.0,1.1832,0.18320000000000003
100,0.5,100,0.01,0.0001,0.0144,1.9,0.8999999999999999,-1.6,0.6000000000000001
100,0.5,100,0.0001,0.1,0.1953,0.9998,0.00019999999999997797,-0.9998,0.00019999999999997797
100,0.5,100,0.0001,0.05,0.3955,1.0004,0.00039999999999995595,-1.0004,0.00039999999999995595
100,0.5,100,0.0001,0.01,1.2137,-1.0059,0.005900000000000016,0.9976,0.0023999999999999577
100,0.5,100,0.0001,0.0001,0.5439,-0.2,0.8,0.5,0.5
100,0.5,150,0.1,0.1,0.0276,-0.8,0.19999999999999996,-0.1,0.9
100,0.5,150,0.1,0.05,0.0311,-0.1,0.9,-1.2677,0.26770000000000005
100,0.5,150,0.1,0.01,0.0204,-0.9,0.09999999999999998,-0.1,0.9
100,0.5,150,0.1,0.0001,0.019,-0.2,0.8,-1.0,0.0
100,0.5,150,0.05,0.1,0.0556,0.8576,0.14239999999999997,-0.9,0.09999999999999998
100,0.5,150,0.05,0.05,0.0395,1.1894,0.1894,-1.1894,0.1894
100,0.5,150,0.05,0.01,0.0319,0.8,0.19999999999999996,-0.7,0.30000000000000004
100,0.5,150,0.05,0.0001,0.0207,-0.5,0.5,-1.9,0.8999999999999999
100,0.5,150,0.01,0.1,0.1608,0.9747,0.02529999999999999,-0.9804,0.01959999999999995
100,0.5,150,0.01,0.05,0.1944,-1.0386,0.03859999999999997,1.0386,0.03859999999999997
100,0.5,150,0.01,0.01,0.1223,-1.0,0.0,0.5,0.5
100,0.5,150,0.01,0.0001,0.0194,-0.4,0.6,-1.5,0.5
100,0.5,150,0.0001,0.1,0.2777,0.9998,0.00019999999999997797,-0.9998,0.00019999999999997797
100,0.5,150,0.0001,0.05,0.5868,0.9995,0.0004999999999999449,-1.0004,0.00039999999999995595
100,0.5,150,0.0001,0.01,1.6408,-1.0054,0.005400000000000071,0.8327,0.1673
100,0.5,150,0.0001,0.0001,0.6644,0.9,0.09999999999999998,-1.1915,0.1915
100,0.5,200,0.1,0.1,0.0372,1.1312,0.13119999999999998,-1.0574,0.057399999999999896
100,0.5,200,0.1,0.05,0.0409,-1.3,0.30000000000000004,1.2545,0.25449999999999995
100,0.5,200,0.1,0.01,0.0254,1.4,0.3999999999999999,-0.8,0.19999999999999996
100,0.5,200,0.1,0.0001,0.025,1.6,0.6000000000000001,-1.4,0.3999999999999999
100,0.5,200,0.05,0.1,0.0736,0.8576,0.14239999999999997,-1.1,0.10000000000000009
100,0.5,200,0.05,0.05,0.053,-1.1589,0.15890000000000004,1.154,0.15399999999999991
100,0.5,200,0.05,0.01,0.0399,0.9,0.09999999999999998,-1.5954,0.5953999999999999
100,0.5,200,0.05,0.0001,0.0255,-0.5,0.5,0.1,0.9
100,0.5,200,0.01,0.1,0.1833,0.9747,0.02529999999999999,-0.9747,0.02529999999999999
100,0.5,200,0.01,0.05,0.3592,-1.0386,0.03859999999999997,1.0386,0.03859999999999997
100,0.5,200,0.01,0.01,0.1656,-0.1,0.9,1.1,0.10000000000000009
100,0.5,200,0.01,0.0001,0.0253,0.9,0.09999999999999998,0.0,1.0
100,0.5,200,0.0001,0.1,0.3728,0.9998,0.00019999999999997797,-0.9998,0.00019999999999997797
100,0.5,200,0.0001,0.05,0.7354,1.0004,0.00039999999999995595,-1.0004,0.00039999999999995595
100,0.5,200,0.0001,0.01,2.195,-1.0054,0.005400000000000071,0.9952,0.0048000000000000265
100,0.5,200,0.0001,0.0001,1.022,0.3,0.7,-1.6403,0.6403000000000001
100,1.0,50,0.1,0.1,0.0095,-0.8,0.19999999999999996,1.1,0.10000000000000009
100,1.0,50,0.1,0.05,0.0107,-0.7,0.30000000000000004,0.4,0.6
100,1.0,50,0.1,0.01,0.0071,1.4,0.3999999999999999,-1.9,0.8999999999999999
100,1.0,50,0.1,0.0001,0.0068,1.8,0.8,-0.3,0.7
100,1.0,50,0.05,0.1,0.0197,-0.8431,0.15690000000000004,1.0679,0.06790000000000007
100,1.0,50,0.05,0.05,0.0135,-0.1,0.9,1.1894,0.1894
100,1.0,50,0.05,0.01,0.0106,-1.6,0.6000000000000001,1.5954,0.5953999999999999
100,1.0,50,0.05,0.0001,0.0066,1.6,0.6000000000000001,0.2,0.8
100,1.0,50,0.01,0.1,0.0501,-0.9776,0.022399999999999975,0.9747,0.02529999999999999
100,1.0,50,0.01,0.05,0.0636,1.0417,0.04170000000000007,-1.0375,0.03750000000000009
100,1.0,50,0.01,0.01,0.0525,-1.1824,0.1823999999999999,-0.1,0.9
100,1.0,50,0.01,0.0001,0.007,1.2,0.19999999999999996,-0.4,0.6
100,1.0,50,0.0001,0.1,0.0983,0.9998,0.00019999999999997797,-0.9998,0.00019999999999997797
100,1.0,50,0.0001,0.05,0.1839,1.0004,0.00039999999999995595,-0.9995,0.0004999999999999449
100,1.0,50,0.0001,0.01,0.5439,1.0026,0.0025999999999999357,-0.9849,0.015100000000000002
100,1.0,50,0.0001,0.0001,0.2463,-1.8096,0.8096000000000001,0.3,0.7
100,1.0,100,0.1,0.1,0.0208,0.8,0.19999999999999996,-1.0574,0.057399999999999896
100,1.0,100,0.1,0.05,0.0194,-0.6,0.4,0.5,0.5
100,1.0,100,0.1,0.01,0.0135,0.9,0.09999999999999998,-0.8,0.19999999999999996
100,1.0,100,0.1,0.0001,0.0128,0.7,0.30000000000000004,-1.2,0.19999999999999996
100,1.0,100,0.05,0.1,0.0384,0.8703,0.12970000000000004,-1.0633,0.06329999999999991
100,1.0,100,0.05,0.05,0.0249,-0.6,0.4,1.1894,0.1894
100,1.0,100,0.05,0.01,0.0199,-1.5809,0.5809,1.2,0.19999999999999996
100,1.0,100,0.05,0.0001,0.0128,-1.7,0.7,1.2,0.19999999999999996
100,1.0,100,0.01,0.1,0.0904,-0.9763,0.023700000000000054,0.9747,0.02529999999999999
100,1.0,100,0.01,0.05,0.1398,1.0428,0.04279999999999995,-0.9532,0.04679999999999995
100,1.0,100,0.01,0.01,0.1235,1.1824,0.1823999999999999,-1.1894,0.1894
100,1.0,100,0.01,0.0001,0.0175,0.4,0.6,1.9,0.8999999999999999
100,1.0,100,0.0001,0.1,0.254,0.9998,0.00019999999999997797,-0.9998,0.00019999999999997797
100,1.0,100,0.0001,0.05,0.4386,1.0004,0.00039999999999995595,-1.0004,0.00039999999999995595
100,1.0,100,0.0001,0.01,1.1211,0.591,0.40900000000000003,-0.9911,0.008900000000000019
100,1.0,100,0.0001,0.0001,0.5107,-1.7257,0.7257,1.6403,0.6403000000000001
100,1.0,150,0.1,0.1,0.0269,1.125,0.125,-0.7,0.30000000000000004
100,1.0,150,0.1,0.05,0.028,1.0,0.0,-0.5,0.5
100,1.0,150,0.1,0.01,0.0203,1.6,0.6000000000000001,-1.1,0.10000000000000009
100,1.0,150,0.1,0.0001,0.0195,0.4,0.6,-0.8,0.19999999999999996
100,1.0,150,0.05,0.1,0.0635,-0.8806,0.11939999999999995,0.8806,0.11939999999999995
100,1.0,150,0.05,0.05,0.0367,0.9,0.09999999999999998,-0.7,0.30000000000000004
100,1.0,150,0.05,0.01,0.0316,-1.3,0.30000000000000004,0.7,0.30000000000000004
100,1.0,150,0.05,0.0001,0.0196,-1.5,0.5,1.9,0.8999999999999999
100,1.0,150,0.01,0.1,0.1391,0.9747,0.02529999999999999,-0.9936,0.006399999999999961
100,1.0,150,0.01,0.05,0.2107,-1.0386,0.03859999999999997,1.0,0.0
100,1.0,150,0.01,0.01,0.1413,1.1827,0.18270000000000008,-0.4,0.6
100,1.0,150,0.01,0.0001,0.0257,-0.2,0.8,1.6,0.6000000000000001
100,1.0,150,0.0001,0.1,0.2903,0.9998,0.00019999999999997797,-0.9998,0.00019999999999997797
100,1.0,150,0.0001,0.05,0.6058,-1.0004,0.00039999999999995595,0.9995,0.0004999999999999449
100,1.0,150,0.0001,0.01,1.7009,1.0,0.0,-1.005,0.004999999999999893
100,1.0,150,0.0001,0.0001,0.7731,-0.1,0.9,-1.1915,0.1915
100,1.0,200,0.1,0.1,0.0402,-0.8,0.19999999999999996,0.8,0.19999999999999996
100,1.0,200,0.1,0.05,0.0409,-1.2392,0.23920000000000008,0.8,0.19999999999999996
100,1.0,200,0.1,0.01,0.0281,-1.2,0.19999999999999996,-0.1,0.9
100,1.0,200,0.1,0.0001,0.0306,-1.7,0.7,0.8,0.19999999999999996
100,1.0,200,0.05,0.1,0.0884,-0.8576,0.14239999999999997,1.0633,0.06329999999999991
100,1.0,200,0.05,0.05,0.0647,-1.1894,0.1894,1.1589,0.15890000000000004
100,1.0,200,0.05,0.01,0.0405,-1.2,0.19999999999999996,0.1,0.9
100,1.0,200,0.05,0.0001,0.0254,1.4,0.3999999999999999,-1.4,0.3999999999999999
100,1.0,200,0.01,0.1,0.1716,0.9776,0.022399999999999975,-0.9747,0.02529999999999999
100,1.0,200,0.01,0.05,0.2483,1.0428,0.04279999999999995,-0.9535,0.046499999999999986
100,1.0,200,0.01,0.01,0.1647,1.1894,0.1894,-0.9,0.09999999999999998
100,1.0,200,0.01,0.0001,0.0257,-1.2,0.19999999999999996,1.9,0.8999999999999999
100,1.0,200,0.0001,0.1,0.3698,-0.9998,0.00019999999999997797,0.9998,0.00019999999999997797
100,1.0,200,0.0001,0.05,0.7275,0.9995,0.0004999999999999449,-1.0004,0.00039999999999995595
100,1.0,200,0.0001,0.01,2.2335,1.0057,0.005700000000000038,-0.9849,0.015100000000000002
100,1.0,200,0.0001,0.0001,0.9288,-0.9,0.09999999999999998,1.5532,0.5531999999999999
500,0.1,50,0.1,0.1,0.0102,1.1312,0.13119999999999998,1.0,0.0
500,0.1,50,0.1,0.05,0.0092,-0.9,0.09999999999999998,-1.2656,0.26560000000000006
500,0.1,50,0.1,0.01,0.0068,-1.4,0.3999999999999999,1.8,0.8
500,0.1,50,0.1,0.0001,0.0066,-0.9,0.09999999999999998,-1.8,0.8
500,0.1,50,0.05,0.1,0.0189,-0.1,0.9,-0.8703,0.12970000000000004
500,0.1,50,0.05,0.05,0.0124,-0.8,0.19999999999999996,-1.154,0.15399999999999991
500,0.1,50,0.05,0.01,0.0097,1.3,0.30000000000000004,-0.1,0.9
500,0.1,50,0.05,0.0001,0.0065,0.1,0.9,-1.7,0.7
500,0.1,50,0.01,0.1,0.0423,1.0179,0.017900000000000027,-0.9747,0.02529999999999999
500,0.1,50,0.01,0.05,0.0557,-1.0386,0.03859999999999997,-0.1,0.9
500,0.1,50,0.01,0.01,0.047,-0.1,0.9,1.184,0.18399999999999994
500,0.1,50,0.01,0.0001,0.0068,0.8,0.19999999999999996,1.1,0.10000000000000009
500,0.1,50,0.0001,0.1,0.108,-0.9998,0.00019999999999997797,0.9998,0.00019999999999997797
500,0.1,50,0.0001,0.05,0.1711,1.0004,0.00039999999999995595,-0.9995,0.0004999999999999449
500,0.1,50,0.0001,0.01,0.7597,-1.0024,0.0023999999999999577,0.9975,0.0024999999999999467
500,0.1,50,0.0001,0.0001,1.2668,1.2256,0.22560000000000002,-1.4126,0.4126000000000001
500,0.1,100,0.1,0.1,0.019,-1.1008,0.1008,1.1008,0.1008
500,0.1,100,0.1,0.05,0.02,0.1,0.9,1.2656,0.26560000000000006
500,0.1,100,0.1,0.01,0.0137,1.6,0.6000000000000001,-0.3,0.7
500,0.1,100,0.1,0.0001,0.0131,1.7,0.7,0.7,0.30000000000000004
500,0.1,100,0.05,0.1,0.0367,-0.8576,0.14239999999999997,0.2,0.8
500,0.1,100,0.05,0.05,0.0258,0.6,0.4,1.1728,0.17280000000000006
500,0.1,100,0.05,0.01,0.0196,-1.5809,0.5809,-1.0,0.0
500,0.1,100,0.05,0.0001,0.0132,1.1,0.10000000000000009,1.6,0.6000000000000001
500,0.1,100,0.01,0.1,0.0962,-1.0169,0.016899999999999915,1.0179,0.017900000000000027
500,0.1,100,0.01,0.05,0.1351,-0.9508,0.04920000000000002,0.947,0.05300000000000005
500,0.1,100,0.01,0.01,0.066,0.7,0.30000000000000004,0.0,1.0
500,0.1,100,0.01,0.0001,0.0143,-0.7,0.30000000000000004,1.2,0.19999999999999996
500,0.1,100,0.0001,0.1,0.1838,-0.9998,0.00019999999999997797,0.9998,0.00019999999999997797
500,0.1,100,0.0001,0.05,0.458,-1.0004,0.00039999999999995595,0.9995,0.0004999999999999449
500,0.1,100,0.0001,0.01,1.6967,-1.0025,0.0024999999999999467,1.0025,0.0024999999999999467
500,0.1,100,0.0001,0.0001,2.5069,1.5653,0.5652999999999999,1.4126,0.4126000000000001
500,0.1,150,0.1,0.1,0.0279,1.0,0.0,-1.0574,0.057399999999999896
500,0.1,150,0.1,0.05,0.0295,1.2,0.19999999999999996,-1.2392,0.23920000000000008
500,0.1,150,0.1,0.01,0.0192,1.2,0.19999999999999996,0.8,0.19999999999999996
500,0.1,150,0.1,0.0001,0.019,-0.7,0.30000000000000004,-1.2,0.19999999999999996
500,0.1,150,0.05,0.1,0.0601,0.9,0.09999999999999998,-0.8431,0.15690000000000004
500,0.1,150,0.05,0.05,0.0386,1.1728,0.17280000000000006,0.4,0.6
500,0.1,150,0.05,0.01,0.03,1.2,0.19999999999999996,-1.6,0.6000000000000001
500,0.1,150,0.05,0.0001,0.019,-0.4,0.6,1.8,0.8
500,0.1,150,0.01,0.1,0.1298,-1.0,0.0,0.9798,0.020199999999999996
500,0.1,150,0.01,0.05,0.1987,-0.947,0.05300000000000005,1.0,0.0
500,0.1,150,0.01,0.01,0.1549,1.1892,0.18920000000000003,-0.3,0.7
500,0.1,150,0.01,0.0001,0.0192,-0.1,0.9,0.2,0.8
500,0.1,150,0.0001,0.1,0.2884,-0.9998,0.00019999999999997797,0.9998,0.00019999999999997797
500,0.1,150,0.0001,0.05,0.5639,-1.0004,0.00039999999999995595,1.0004,0.00039999999999995595
500,0.1,150,0.0001,0.01,2.2314,1.0025,0.0024999999999999467,-0.9975,0.0024999999999999467
500,0.1,150,0.0001,0.0001,3.8941,-1.467,0.4670000000000001,0.3,0.7
500,0.1,200,0.1,0.1,0.0369,-0.1,0.9,-0.9936,0.006399999999999961
500,0.1,200,0.1,0.05,0.0442,-0.2,0.8,1.3125,0.3125
500,0.1,200,0.1,0.01,0.0277,-0.6,0.4,-1.9,0.8999999999999999
500,0.1,200,0.1,0.0001,0.0274,1.0,0.0,-1.2,0.19999999999999996
500,0.1,200,0.05,0.1,0.0686,-0.1,0.9,1.1008,0.1008
500,0.1,200,0.05,0.05,0.056,0.9,0.09999999999999998,0.3,0.7
500,0.1,200,0.05,0.01,0.0408,-0.5,0.5,-1.2,0.19999999999999996
500,0.1,200,0.05,0.0001,0.0257,0.3,0.7,1.8,0.8
500,0.1,200,0.01,0.1,0.1813,-0.9747,0.02529999999999999,0.9936,0.006399999999999961
500,0.1,200,0.01,0.05,0.2675,1.0417,0.04170000000000007,-0.9484,0.05159999999999998
500,0.1,200,0.01,0.01,0.1816,1.0,0.0,-0.8,0.19999999999999996
500,0.1,200,0.01,0.0001,0.026,-1.1,0.10000000000000009,1.7,0.7
500,0.1,200,0.0001,0.1,0.3772,0.9998,0.00019999999999997797,-0.9998,0.00019999999999997797
500,0.1,200,0.0001,0.05,0.7576,-1.0004,0.00039999999999995595,1.0004,0.00039999999999995595
500,0.1,200,0.0001,0.01,3.1222,-1.0025,0.0024999999999999467,1.0025,0.0024999999999999467
500,0.1,200,0.0001,0.0001,5.8401,1.5653,0.5652999999999999,-1.2256,0.22560000000000002
500,0.2,50,0.1,0.1,0.0098,0.9,0.09999999999999998,-0.9082,0.09179999999999999
500,0.2,50,0.1,0.05,0.0103,0.7,0.30000000000000004,-1.2656,0.26560000000000006
500,0.2,50,0.1,0.01,0.0072,-0.2,0.8,-1.2,0.19999999999999996
500,0.2,50,0.1,0.0001,0.0065,-0.6,0.4,-1.9,0.8999999999999999
500,0.2,50,0.05,0.1,0.0182,-0.8847,0.11529999999999996,0.8806,0.11939999999999995
500,0.2,50,0.05,0.05,0.0137,0.5,0.5,-1.1,0.10000000000000009
500,0.2,50,0.05,0.01,0.012,-0.3,0.7,1.5954,0.5953999999999999
500,0.2,50,0.05,0.0001,0.0067,-1.9,0.8999999999999999,-0.0,1.0
500,0.2,50,0.01,0.1,0.0411,-0.9838,0.016199999999999992,0.9747,0.02529999999999999
500,0.2,50,0.01,0.05,0.0599,-1.0417,0.04170000000000007,1.0388,0.038799999999999946
500,0.2,50,0.01,0.01,0.0534,-0.1,0.9,-1.1831,0.18310000000000004
500,0.2,50,0.01,0.0001,0.0071,-0.3,0.7,1.0,0.0
500,0.2,50,0.0001,0.1,0.0983,-0.9998,0.00019999999999997797,1.0002,0.00019999999999997797
500,0.2,50,0.0001,0.05,0.1801,0.9995,0.0004999999999999449,-1.0004,0.00039999999999995595
500,0.2,50,0.0001,0.01,0.6876,-1.0025,0.0024999999999999467,0.9976,0.0023999999999999577
500,0.2,50,0.0001,0.0001,1.3957,0.4,0.6,0.0,1.0
500,0.2,100,0.1,0.1,0.0183,1.0,0.0,0.3,0.7
500,0.2,100,0.1,0.05,0.022,1.0,0.0,-0.3,0.7
500,0.2,100,0.1,0.01,0.0129,-1.8,0.8,1.7,0.7
500,0.2,100,0.1,0.0001,0.0137,0.7,0.30000000000000004,1.5,0.5
500,0.2,100,0.05,0.1,0.0354,0.8576,0.14239999999999997,-0.8703,0.12970000000000004
500,0.2,100,0.05,0.05,0.0271,0.0,1.0,1.1589,0.15890000000000004
500,0.2,100,0.05,0.01,0.0201,-1.5,0.5,0.7,0.30000000000000004
500,0.2,100,0.05,0.0001,0.0135,-0.4,0.6,1.7,0.7
500,0.2,100,0.01,0.1,0.0956,-1.0169,0.016899999999999915,0.9791,0.02090000000000003
500,0.2,100,0.01,0.05,0.1418,-1.0384,0.03839999999999999,1.0,0.0
500,0.2,100,0.01,0.01,0.0886,0.1,0.9,-0.6,0.4
500,0.2,100,0.01,0.0001,0.0126,-1.6,0.6000000000000001,0.5,0.5
500,0.2,100,0.0001,0.1,0.1881,-0.9998,0.00019999999999997797,0.9998,0.00019999999999997797
500,0.2,100,0.0001,0.05,0.3831,-1.0004,0.00039999999999995595,1.0004,0.00039999999999995595
500,0.2,100,0.0001,0.01,1.5593,0.9975,0.0024999999999999467,-1.0025,0.0024999999999999467
500,0.2,100,0.0001,0.0001,2.4024,1.292,0.29200000000000004,0.3,0.7
500,0.2,150,0.1,0.1,0.0278,-0.6,0.4,0.9,0.09999999999999998
500,0.2,150,0.1,0.05,0.0318,-1.2656,0.26560000000000006,0.5,0.5
500,0.2,150,0.1,0.01,0.0222,-1.5,0.5,0.1,0.9
500,0.2,150,0.1,0.0001,0.0212,0.9,0.09999999999999998,-1.5,0.5
500,0.2,150,0.05,0.1,0.0623,1.0,0.0,-0.8847,0.11529999999999996
500,0.2,150,0.05,0.05,0.0443,1.1907,0.1907000000000001,-1.1728,0.17280000000000006
500,0.2,150,0.05,0.01,0.0324,-1.3,0.30000000000000004,-0.7,0.30000000000000004
500,0.2,150,0.05,0.0001,0.0208,-1.6,0.6000000000000001,-1.1,0.10000000000000009
500,0.2,150,0.01,0.1,0.1595,-0.9798,0.020199999999999996,0.9804,0.01959999999999995
500,0.2,150,0.01,0.05,0.2406,-1.0386,0.03859999999999997,0.947,0.05300000000000005
500,0.2,150,0.01,0.01,0.1401,-1.1,0.10000000000000009,1.1904,0.1903999999999999
500,0.2,150,0.01,0.0001,0.0195,-0.0,1.0,-1.5,0.5
500,0.2,150,0.0001,0.1,0.2847,0.9998,0.00019999999999997797,-0.9998,0.00019999999999997797
500,0.2,150,0.0001,0.05,0.7113,1.0004,0.00039999999999995595,-0.9995,0.0004999999999999449
500,0.2,150,0.0001,0.01,2.5749,-1.0025,0.0024999999999999467,0.9975,0.0024999999999999467
500,0.2,150,0.0001,0.0001,3.7791,-1.2256,0.22560000000000002,-0.9,0.09999999999999998
500,0.2,200,0.1,0.1,0.0694,-0.1,0.9,-0.9936,0.006399999999999961
500,0.2,200,0.1,0.05,0.0909,1.2656,0.26560000000000006,-0.9,0.09999999999999998
500,0.2,200,0.1,0.01,0.052,1.3,0.30000000000000004,0.7,0.30000000000000004
500,0.2,200,0.1,0.0001,0.0419,1.0,0.0,-1.4,0.3999999999999999
500,0.2,200,0.05,0.1,0.1465,-0.8539,0.1461,1.0574,0.057399999999999896
500,0.2,200,0.05,0.05,0.0977,-1.1894,0.1894,0.5,0.5
500,0.2,200,0.05,0.01,0.1014,-0.9,0.09999999999999998,0.5,0.5
500,0.2,200,0.05,0.0001,0.0612,-0.5,0.5,1.8,0.8
500,0.2,200,0.01,0.1,0.4279,-0.9839,0.016100000000000003,0.9776,0.022399999999999975
500,0.2,200,0.01,0.05,0.4578,-0.9508,0.04920000000000002,1.0375,0.03750000000000009
500,0.2,200,0.01,0.01,0.29,0.7,0.30000000000000004,-0.7,0.30000000000000004
500,0.2,200,0.01,0.0001,0.0296,0.4,0.6,-0.8,0.19999999999999996
500,0.2,200,0.0001,0.1,0.5102,-0.9998,0.00019999999999997797,0.9998,0.00019999999999997797
500,0.2,200,0.0001,0.05,1.0034,1.0004,0.00039999999999995595,-1.0004,0.00039999999999995595
500,0.2,200,0.0001,0.01,3.5443,0.9975,0.0024999999999999467,-1.0025,0.0024999999999999467
500,0.2,200,0.0001,0.0001,4.8481,-1.467,0.4670000000000001,1.1,0.10000000000000009
500,0.25,50,0.1,0.1,0.0094,-1.0,0.0,0.8,0.19999999999999996
500,0.25,50,0.1,0.05,0.0105,1.2392,0.23920000000000008,-1.3,0.30000000000000004
500,0.25,50,0.1,0.01,0.0069,1.6,0.6000000000000001,-1.9,0.8999999999999999
500,0.25,50,0.1,0.0001,0.0078,1.5,0.5,-1.2,0.19999999999999996
500,0.25,50,0.05,0.1,0.0238,-0.8576,0.14239999999999997,0.8431,0.15690000000000004
500,0.25,50,0.05,0.05,0.0137,-1.154,0.15399999999999991,0.0,1.0
500,0.25,50,0.05,0.01,0.0117,-0.1,0.9,1.5949,0.5949
500,0.25,50,0.05,0.0001,0.0069,1.9,0.8999999999999999,-0.9,0.09999999999999998
500,0.25,50,0.01,0.1,0.0489,0.9747,0.02529999999999999,-0.9804,0.01959999999999995
500,0.25,50,0.01,0.05,0.0627,-0.9484,0.05159999999999998,1.0384,0.03839999999999999
500,0.25,50,0.01,0.01,0.0602,-1.1827,0.18270000000000008,-0.6,0.4
500,0.25,50,0.01,0.0001,0.0067,0.5,0.5,-1.2,0.19999999999999996
500,0.25,50,0.0001,0.1,0.0982,-0.9998,0.00019999999999997797,0.9998,0.00019999999999997797
500,0.25,50,0.0001,0.05,0.1986,-0.9996,0.00039999999999995595,0.9995,0.0004999999999999449
500,0.25,50,0.0001,0.01,0.7578,-1.0025,0.0024999999999999467,0.9975,0.0024999999999999467
500,0.25,50,0.0001,0.0001,0.8131,-0.8,0.19999999999999996,0.9,0.09999999999999998
500,0.25,100,0.1,0.1,0.0173,-0.7,0.30000000000000004,0.9,0.09999999999999998
500,0.25,100,0.1,0.05,0.0194,-1.2656,0.26560000000000006,0.0,1.0
500,0.25,100,0.1,0.01,0.0132,0.1,0.9,1.9,0.8999999999999999
500,0.25,100,0.1,0.0001,0.0129,1.9,0.8999999999999999,-1.8,0.8
500,0.25,100,0.05,0.1,0.0419,0.8431,0.15690000000000004,-1.0633,0.06329999999999991
500,0.25,100,0.05,0.05,0.0276,1.1907,0.1907000000000001,-1.1589,0.15890000000000004
500,0.25,100,0.05,0.01,0.018,-1.4,0.3999999999999999,0.2,0.8
500,0.25,100,0.05,0.0001,0.0129,0.1,0.9,-1.1,0.10000000000000009
500,0.25,100,0.01,0.1,0.0862,-1.0211,0.021099999999999897,0.9747,0.02529999999999999
500,0.25,100,0.01,0.05,0.1298,-1.0,0.0,0.9534,0.046599999999999975
500,0.25,100,0.01,0.01,0.0888,0.9,0.09999999999999998,-1.1832,0.18320000000000003
500,0.25,100,0.01,0.0001,0.0136,-0.5,0.5,1.2,0.19999999999999996
500,0.25,100,0.0001,0.1,0.1969,-0.9998,0.00019999999999997797,0.9998,0.00019999999999997797
500,0.25,100,0.0001,0.05,0.3934,-1.0004,0.00039999999999995595,0.9995,0.0004999999999999449
500,0.25,100,0.0001,0.01,1.6971,-0.9975,0.0024999999999999467,0.9975,0.0024999999999999467
500,0.25,100,0.0001,0.0001,2.2965,1.1,0.10000000000000009,-1.5653,0.5652999999999999
500,0.25,150,0.1,0.1,0.028,0.1,0.9,-0.9,0.09999999999999998
500,0.25,150,0.1,0.05,0.0289,-1.1,0.10000000000000009,1.2,0.19999999999999996
500,0.25,150,0.1,0.01,0.0199,1.1,0.10000000000000009,-0.6,0.4
500,0.25,150,0.1,0.0001,0.0194,0.5,0.5,-1.1,0.10000000000000009
500,0.25,150,0.05,0.1,0.0534,1.0574,0.057399999999999896,-1.1008,0.1008
500,0.25,150,0.05,0.05,0.0378,-1.1,0.10000000000000009,-0.1,0.9
500,0.25,150,0.05,0.01,0.0291,-1.5809,0.5809,0.5,0.5
500,0.25,150,0.05,0.0001,0.0192,1.5,0.5,-1.6,0.6000000000000001
500,0.25,150,0.01,0.1,0.143,0.9747,0.02529999999999999,-0.9747,0.02529999999999999
500,0.25,150,0.01,0.05,0.1907,1.0467,0.046699999999999964,-1.0467,0.046699999999999964
500,0.25,150,0.01,0.01,0.1389,-1.1827,0.18270000000000008,-0.1,0.9
500,0.25,150,0.01,0.0001,0.0198,1.6,0.6000000000000001,-1.6,0.6000000000000001
500,0.25,150,0.0001,0.1,0.2839,0.9998,0.00019999999999997797,-0.9998,0.00019999999999997797
500,0.25,150,0.0001,0.05,0.5763,0.9995,0.0004999999999999449,-1.0004,0.00039999999999995595
500,0.25,150,0.0001,0.01,2.2653,-1.0025,0.0024999999999999467,0.9975,0.0024999999999999467
500,0.25,150,0.0001,0.0001,3.6675,1.2256,0.22560000000000002,-0.7,0.30000000000000004
500,0.25,200,0.1,0.1,0.0413,-0.3,0.7,1.0944,0.09440000000000004
500,0.25,200,0.1,0.05,0.0414,1.2656,0.26560000000000006,-0.5,0.5
500,0.25,200,0.1,0.01,0.0265,1.3,0.30000000000000004,-0.4,0.6
500,0.25,200,0.1,0.0001,0.0259,-1.3,0.30000000000000004,-0.6,0.4
500,0.25,200,0.05,0.1,0.0797,-0.9,0.09999999999999998,-0.2,0.8
500,0.25,200,0.05,0.05,0.0574,1.1894,0.1894,-0.8,0.19999999999999996
500,0.25,200,0.05,0.01,0.0437,1.4,0.3999999999999999,-1.5,0.5
500,0.25,200,0.05,0.0001,0.0273,-0.8,0.19999999999999996,0.4,0.6
500,0.25,200,0.01,0.1,0.1795,0.9747,0.02529999999999999,-0.9838,0.016199999999999992
500,0.25,200,0.01,0.05,0.2835,-1.0386,0.03859999999999997,0.9534,0.046599999999999975
500,0.25,200,0.01,0.01,0.1744,0.9,0.09999999999999998,0.6,0.4
500,0.25,200,0.01,0.0001,0.0264,1.5,0.5,-0.4,0.6
500,0.25,200,0.0001,0.1,0.3881,0.9998,0.00019999999999997797,-0.9998,0.00019999999999997797
500,0.25,200,0.0001,0.05,0.7979,-1.0004,0.00039999999999995595,1.0004,0.00039999999999995595
500,0.25,200,0.0001,0.01,3.1329,-1.0025,0.0024999999999999467,0.9975,0.0024999999999999467
500,0.25,200,0.0001,0.0001,4.3683,-0.0,1.0,1.1,0.10000000000000009
500,0.5,50,0.1,0.1,0.0105,1.1206,0.12060000000000004,-0.3,0.7
500,0.5,50,0.1,0.05,0.0117,0.1,0.9,0.9,0.09999999999999998
500,0.5,50,0.1,0.01,0.0084,-1.6,0.6000000000000001,1.0,0.0
500,0.5,50,0.1,0.0001,0.0079,1.9,0.8999999999999999,0.6,0.4
500,0.5,50,0.05,0.1,0.0261,-0.8847,0.11529999999999996,1.0574,0.057399999999999896
500,0.5,50,0.05,0.05,0.0157,0.5,0.5,-1.1472,0.1472
500,0.5,50,0.05,0.01,0.0143,0.1,0.9,1.5809,0.5809
500,0.5,50,0.05,0.0001,0.0088,-0.3,0.7,0.3,0.7
500,0.5,50,0.01,0.1,0.0535,-0.9839,0.016100000000000003,1.0205,0.020499999999999963
500,0.5,50,0.01,0.05,0.0849,-1.0417,0.04170000000000007,0.9484,0.05159999999999998
500,0.5,50,0.01,0.01,0.0568,0.8,0.19999999999999996,-0.1,0.9
500,0.5,50,0.01,0.0001,0.0071,-1.4,0.3999999999999999,-0.1,0.9
500,0.5,50,0.0001,0.1,0.0962,-0.9998,0.00019999999999997797,0.9998,0.00019999999999997797
500,0.5,50,0.0001,0.05,0.2012,-1.0004,0.00039999999999995595,0.9995,0.0004999999999999449
500,0.5,50,0.0001,0.01,0.7977,-1.0025,0.0024999999999999467,0.9975,0.0024999999999999467
500,0.5,50,0.0001,0.0001,1.0987,-0.5,0.5,-1.3543,0.35430000000000006
500,0.5,100,0.1,0.1,0.0182,0.3,0.7,1.125,0.125
500,0.5,100,0.1,0.05,0.0209,0.8,0.19999999999999996,-1.2656,0.26560000000000006
500,0.5,100,0.1,0.01,0.0148,-0.3,0.7,-1.6,0.6000000000000001
500,0.5,100,0.1,0.0001,0.0154,0.3,0.7,1.5,0.5
500,0.5,100,0.05,0.1,0.0516,0.8576,0.14239999999999997,-1.0944,0.09440000000000004
500,0.5,100,0.05,0.05,0.0325,-1.1894,0.1894,0.9,0.09999999999999998
500,0.5,100,0.05,0.01,0.0271,0.6,0.4,1.5809,0.5809
500,0.5,100,0.05,0.0001,0.0164,0.3,0.7,-0.4,0.6
500,0.5,100,0.01,0.1,0.1102,0.9798,0.020199999999999996,-1.0,0.0
500,0.5,100,0.01,0.05,0.1464,-0.9535,0.046499999999999986,1.0386,0.03859999999999997
500,0.5,100,0.01,0.01,0.0759,-0.1,0.9,1.1,0.10000000000000009
500,0.5,100,0.01,0.0001,0.0144,1.2,0.19999999999999996,-1.9,0.8999999999999999
500,0.5,100,0.0001,0.1,0.2075,-0.9998,0.00019999999999997797,0.9998,0.00019999999999997797
500,0.5,100,0.0001,0.05,0.4227,-1.0004,0.00039999999999995595,1.0004,0.00039999999999995595
500,0.5,100,0.0001,0.01,1.6041,1.0025,0.0024999999999999467,-1.0025,0.0024999999999999467
500,0.5,100,0.0001,0.0001,2.4953,0.6,0.4,-1.467,0.4670000000000001
500,0.5,150,0.1,0.1,0.0265,1.1,0.10000000000000009,-0.1,0.9
500,0.5,150,0.1,0.05,0.0315,1.2656,0.26560000000000006,0.5,0.5
500,0.5,150,0.1,0.01,0.0204,1.6,0.6000000000000001,-0.7,0.30000000000000004
500,0.5,150,0.1,0.0001,0.0195,-1.7,0.7,0.1,0.9
500,0.5,150,0.05,0.1,0.0534,-1.0574,0.057399999999999896,0.2,0.8
500,0.5,150,0.05,0.05,0.039,0.0,1.0,1.154,0.15399999999999991
500,0.5,150,0.05,0.01,0.0292,-0.8,0.19999999999999996,0.1,0.9
500,0.5,150,0.05,0.0001,0.0198,-0.4,0.6,-1.7,0.7
500,0.5,150,0.01,0.1,0.1255,-1.0188,0.018799999999999928,1.0177,0.01770000000000005
500,0.5,150,0.01,0.05,0.1835,1.0388,0.038799999999999946,-1.0,0.0
500,0.5,150,0.01,0.01,0.1391,-1.184,0.18399999999999994,-0.5,0.5
500,0.5,150,0.01,0.0001,0.0199,0.1,0.9,-1.3,0.30000000000000004
500,0.5,150,0.0001,0.1,0.2797,-0.9998,0.00019999999999997797,0.9998,0.00019999999999997797
500,0.5,150,0.0001,0.05,0.5559,-1.0004,0.00039999999999995595,1.0004,0.00039999999999995595
500,0.5,150,0.0001,0.01,2.253,-1.0025,0.0024999999999999467,1.0025,0.0024999999999999467
500,0.5,150,0.0001,0.0001,2.8756,-0.4,0.6,1.3543,0.35430000000000006
500,0.5,200,0.1,0.1,0.0358,-0.5,0.5,-1.0574,0.057399999999999896
500,0.5,200,0.1,0.05,0.0377,1.3125,0.3125,0.4,0.6
500,0.5,200,0.1,0.01,0.0264,-1.3,0.30000000000000004,-0.1,0.9
500,0.5,200,0.1,0.0001,0.0261,1.3,0.30000000000000004,-1.9,0.8999999999999999
500,0.5,200,0.05,0.1,0.0737,1.0,0.0,0.2,0.8
500,0.5,200,0.05,0.05,0.0474,1.1894,0.1894,-0.7,0.30000000000000004
500,0.5,200,0.05,0.01,0.0425,0.3,0.7,1.5809,0.5809
500,0.5,200,0.05,0.0001,0.0263,0.4,0.6,1.1,0.10000000000000009
500,0.5,200,0.01,0.1,0.186,0.9804,0.01959999999999995,-0.9763,0.023700000000000054
500,0.5,200,0.01,0.05,0.258,0.9543,0.04569999999999996,-0.9532,0.04679999999999995
500,0.5,200,0.01,0.01,0.1624,0.2,0.8,-0.6,0.4
500,0.5,200,0.01,0.0001,0.0259,-1.1,0.10000000000000009,-1.7,0.7
500,0.5,200,0.0001,0.1,0.3723,0.9998,0.00019999999999997797,-0.9998,0.00019999999999997797
500,0.5,200,0.0001,0.05,0.7413,1.0004,0.00039999999999995595,-1.0004,0.00039999999999995595
500,0.5,200,0.0001,0.01,3.0925,0.9975,0.0024999999999999467,-0.9975,0.0024999999999999467
500,0.5,200,0.0001,0.0001,4.5114,0.1,0.9,-1.2256,0.22560000000000002
500,1.0,50,0.1,0.1,0.0099,0.9,0.09999999999999998,-0.3,0.7
500,1.0,50,0.1,0.05,0.0116,1.2677,0.26770000000000005,-1.0,0.0
500,1.0,50,0.1,0.01,0.0071,1.4,0.3999999999999999,-0.4,0.6
500,1.0,50,0.1,0.0001,0.0069,0.2,0.8,-1.6,0.6000000000000001
500,1.0,50,0.05,0.1,0.0182,0.8847,0.11529999999999996,-1.0944,0.09440000000000004
500,1.0,50,0.05,0.05,0.0142,-1.154,0.15399999999999991,0.5,0.5
500,1.0,50,0.05,0.01,0.0111,-0.6,0.4,1.3,0.30000000000000004
500,1.0,50,0.05,0.0001,0.0074,1.2,0.19999999999999996,-1.8,0.8
500,1.0,50,0.01,0.1,0.0412,1.0179,0.017900000000000027,-0.0,1.0
500,1.0,50,0.01,0.05,0.0596,0.947,0.05300000000000005,-1.0375,0.03750000000000009
500,1.0,50,0.01,0.01,0.0588,-0.4,0.6,1.1914,0.19140000000000001
500,1.0,50,0.01,0.0001,0.0066,0.6,0.4,-1.0,0.0
500,1.0,50,0.0001,0.1,0.096,0.9998,0.00019999999999997797,-0.9998,0.00019999999999997797
500,1.0,50,0.0001,0.05,0.1869,1.0004,0.00039999999999995595,-1.0004,0.00039999999999995595
500,1.0,50,0.0001,0.01,0.6909,-1.0025,0.0024999999999999467,0.9975,0.0024999999999999467
500,1.0,50,0.0001,0.0001,1.0733,-0.3,0.7,1.5653,0.5652999999999999
500,1.0,100,0.1,0.1,0.0185,-0.8,0.19999999999999996,1.0944,0.09440000000000004
500,1.0,100,0.1,0.05,0.0199,-1.3,0.30000000000000004,0.3,0.7
500,1.0,100,0.1,0.01,0.0134,-0.1,0.9,-1.3,0.30000000000000004
500,1.0,100,0.1,0.0001,0.0129,1.2,0.19999999999999996,-0.3,0.7
500,1.0,100,0.05,0.1,0.0393,-0.8806,0.11939999999999995,0.8703,0.12970000000000004
500,1.0,100,0.05,0.05,0.0236,-1.1884,0.1883999999999999,0.4,0.6
500,1.0,100,0.05,0.01,0.0233,-0.9,0.09999999999999998,1.5809,0.5809
500,1.0,100,0.05,0.0001,0.0129,-1.3,0.30000000000000004,1.2,0.19999999999999996
500,1.0,100,0.01,0.1,0.0902,-0.9747,0.02529999999999999,0.9839,0.016100000000000003
500,1.0,100,0.01,0.05,0.1237,-1.0375,0.03750000000000009,1.0375,0.03750000000000009
500,1.0,100,0.01,0.01,0.0932,1.184,0.18399999999999994,-1.1824,0.1823999999999999
500,1.0,100,0.01,0.0001,0.0134,0.2,0.8,-0.9,0.09999999999999998
500,1.0,100,0.0001,0.1,0.196,-0.9998,0.00019999999999997797,0.9998,0.00019999999999997797
500,1.0,100,0.0001,0.05,0.3666,-1.0004,0.00039999999999995595,1.0004,0.00039999999999995595
500,1.0,100,0.0001,0.01,1.5288,-1.0025,0.0024999999999999467,1.0025,0.0024999999999999467
500,1.0,100,0.0001,0.0001,2.0738,0.8,0.19999999999999996,-1.0,0.0
500,1.0,150,0.1,0.1,0.0289,-0.8,0.19999999999999996,0.8,0.19999999999999996
500,1.0,150,0.1,0.05,0.0287,-1.2656,0.26560000000000006,1.2656,0.26560000000000006
500,1.0,150,0.1,0.01,0.0201,1.1,0.10000000000000009,-1.3,0.30000000000000004
500,1.0,150,0.1,0.0001,0.0198,1.1,0.10000000000000009,-1.7,0.7
500,1.0,150,0.05,0.1,0.0611,-0.8576,0.14239999999999997,1.0679,0.06790000000000007
500,1.0,150,0.05,0.05,0.0391,0.0,1.0,1.1907,0.1907000000000001
500,1.0,150,0.05,0.01,0.031,-0.2,0.8,-1.5949,0.5949
500,1.0,150,0.05,0.0001,0.0194,0.8,0.19999999999999996,-1.3,0.30000000000000004
500,1.0,150,0.01,0.1,0.1345,-1.0,0.0,0.9807,0.019299999999999984
500,1.0,150,0.01,0.05,0.1958,-1.0386,0.03859999999999997,0.9484,0.05159999999999998
500,1.0,150,0.01,0.01,0.1375,-0.2,0.8,1.1831,0.18310000000000004
500,1.0,150,0.01,0.0001,0.0212,0.3,0.7,-1.7,0.7
500,1.0,150,0.0001,0.1,0.2735,-0.9998,0.00019999999999997797,0.9998,0.00019999999999997797
500,1.0,150,0.0001,0.05,0.5714,1.0004,0.00039999999999995595,-1.0004,0.00039999999999995595
500,1.0,150,0.0001,0.01,2.2073,-1.0025,0.0024999999999999467,1.0025,0.0024999999999999467
500,1.0,150,0.0001,0.0001,3.6329,1.5179,0.5179,-1.1915,0.1915
500,1.0,200,0.1,0.1,0.0362,-0.8,0.19999999999999996,1.1008,0.1008
500,1.0,200,0.1,0.05,0.0404,0.6,0.4,-1.2392,0.23920000000000008
500,1.0,200,0.1,0.01,0.0284,0.6,0.4,-1.6,0.6000000000000001
500,1.0,200,0.1,0.0001,0.0258,0.2,0.8,-1.6,0.6000000000000001
500,1.0,200,0.05,0.1,0.0788,0.8703,0.12970000000000004,-1.0633,0.06329999999999991
500,1.0,200,0.05,0.05,0.0515,-1.1589,0.15890000000000004,0.2,0.8
500,1.0,200,0.05,0.01,0.0411,-1.1,0.10000000000000009,1.6,0.6000000000000001
500,1.0,200,0.05,0.0001,0.0301,-1.8,0.8,1.5,0.5
500,1.0,200,0.01,0.1,0.1832,-0.9747,0.02529999999999999,1.0205,0.020499999999999963
500,1.0,200,0.01,0.05,0.237,1.0386,0.03859999999999997,-1.0386,0.03859999999999997
500,1.0,200,0.01,0.01,0.1613,1.184,0.18399999999999994,-0.6,0.4
500,1.0,200,0.01,0.0001,0.0268,-0.7,0.30000000000000004,-1.9,0.8999999999999999
500,1.0,200,0.0001,0.1,0.3454,0.9998,0.00019999999999997797,-0.9998,0.00019999999999997797
500,1.0,200,0.0001,0.05,0.7649,1.0004,0.00039999999999995595,-1.0004,0.00039999999999995595
500,1.0,200,0.0001,0.01,2.9667,-0.9975,0.0024999999999999467,0.9975,0.0024999999999999467
500,1.0,200,0.0001,0.0001,4.7204,0.5,0.5,-0.8,0.19999999999999996
1000,0.1,50,0.1,0.1,0.0084,0.2,0.8,-0.3,0.7
1000,0.1,50,0.1,0.05,0.0095,-1.2656,0.26560000000000006,0.7,0.30000000000000004
1000,0.1,50,0.1,0.01,0.0069,1.4,0.3999999999999999,-1.0,0.0
1000,0.1,50,0.1,0.0001,0.0069,-0.5,0.5,-0.2,0.8
1000,0.1,50,0.05,0.1,0.0193,1.0633,0.06329999999999991,0.8539,0.1461
1000,0.1,50,0.05,0.05,0.0141,1.1907,0.1907000000000001,1.0,0.0
1000,0.1,50,0.05,0.01,0.0098,1.0,0.0,-0.3,0.7
1000,0.1,50,0.05,0.0001,0.0069,-0.1,0.9,-1.4,0.3999999999999999
1000,0.1,50,0.01,0.1,0.0473,1.0219,0.02190000000000003,-0.9776,0.022399999999999975
1000,0.1,50,0.01,0.05,0.0692,-0.0,1.0,0.9534,0.046599999999999975
1000,0.1,50,0.01,0.01,0.0418,-0.0,1.0,0.3,0.7
1000,0.1,50,0.01,0.0001,0.0068,1.7,0.7,-0.3,0.7
1000,0.1,50,0.0001,0.1,0.0907,-0.9998,0.00019999999999997797,0.9998,0.00019999999999997797
1000,0.1,50,0.0001,0.05,0.1845,1.0004,0.00039999999999995595,-1.0005,0.0004999999999999449
1000,0.1,50,0.0001,0.01,0.7451,1.0025,0.0024999999999999467,-1.0025,0.0024999999999999467
1000,0.1,50,0.0001,0.0001,2.1732,-0.6,0.4,0.9,0.09999999999999998
1000,0.1,100,0.1,0.1,0.0174,0.5,0.5,-0.8,0.19999999999999996
1000,0.1,100,0.1,0.05,0.0193,-0.1,0.9,-1.2656,0.26560000000000006
1000,0.1,100,0.1,0.01,0.0133,-0.1,0.9,-1.1,0.10000000000000009
1000,0.1,100,0.1,0.0001,0.0131,-0.3,0.7,-0.1,0.9
1000,0.1,100,0.05,0.1,0.0377,-1.0,0.0,0.8847,0.11529999999999996
1000,0.1,100,0.05,0.05,0.0234,1.1894,0.1894,-0.8,0.19999999999999996
1000,0.1,100,0.05,0.01,0.022,-1.5809,0.5809,0.6,0.4
1000,0.1,100,0.05,0.0001,0.0133,-1.5,0.5,1.4,0.3999999999999999
1000,0.1,100,0.01,0.1,0.0963,-1.0205,0.020499999999999963,0.9804,0.01959999999999995
1000,0.1,100,0.01,0.05,0.134,0.947,0.05300000000000005,-1.0375,0.03750000000000009
1000,0.1,100,0.01,0.01,0.0733,-1.1894,0.1894,1.1894,0.1894
1000,0.1,100,0.01,0.0001,0.0136,-1.2,0.19999999999999996,-0.1,0.9
1000,0.1,100,0.0001,0.1,0.1846,-0.9998,0.00019999999999997797,0.9998,0.00019999999999997797
1000,0.1,100,0.0001,0.05,0.3622,0.9995,0.0004999999999999449,-1.0004,0.00039999999999995595
1000,0.1,100,0.0001,0.01,1.5784,-0.9975,0.0024999999999999467,0.9975,0.0024999999999999467
1000,0.1,100,0.0001,0.0001,5.2368,-1.3001,0.30010000000000003,-0.1,0.9
1000,0.1,150,0.1,0.1,0.0279,0.9936,0.006399999999999961,-1.1206,0.12060000000000004
1000,0.1,150,0.1,0.05,0.0283,-0.4,0.6,1.3,0.30000000000000004
1000,0.1,150,0.1,0.01,0.0194,-1.6,0.6000000000000001,-1.1,0.10000000000000009
1000,0.1,150,0.1,0.0001,0.0193,-0.2,0.8,-1.7,0.7
1000,0.1,150,0.05,0.1,0.0674,0.8806,0.11939999999999995,-0.1,0.9
1000,0.1,150,0.05,0.05,0.0398,-1.1894,0.1894,1.1,0.10000000000000009
1000,0.1,150,0.05,0.01,0.0274,-0.6,0.4,-0.8,0.19999999999999996
1000,0.1,150,0.05,0.0001,0.0196,0.1,0.9,-1.3,0.30000000000000004
1000,0.1,150,0.01,0.1,0.1276,0.9838,0.016199999999999992,-1.0169,0.016899999999999915
1000,0.1,150,0.01,0.05,0.1895,0.9543,0.04569999999999996,-1.0458,0.04580000000000006
1000,0.1,150,0.01,0.01,0.1339,1.1,0.10000000000000009,-0.6,0.4
1000,0.1,150,0.01,0.0001,0.0197,-0.1,0.9,-0.5,0.5
1000,0.1,150,0.0001,0.1,0.2866,0.9998,0.00019999999999997797,-0.9998,0.00019999999999997797
1000,0.1,150,0.0001,0.05,0.569,-1.0004,0.00039999999999995595,1.0004,0.00039999999999995595
1000,0.1,150,0.0001,0.01,2.4421,0.9975,0.0024999999999999467,-1.0025,0.0024999999999999467
1000,0.1,150,0.0001,0.0001,6.7628,-1.1914,0.19140000000000001,0.2,0.8
1000,0.1,200,0.1,0.1,0.0378,-0.5,0.5,0.2,0.8
1000,0.1,200,0.1,0.05,0.0415,-1.2656,0.26560000000000006,0.1,0.9
1000,0.1,200,0.1,0.01,0.0265,-0.1,0.9,1.4,0.3999999999999999
1000,0.1,200,0.1,0.0001,0.0263,1.6,0.6000000000000001,1.3,0.30000000000000004
1000,0.1,200,0.05,0.1,0.0696,0.8576,0.14239999999999997,-0.8576,0.14239999999999997
1000,0.1,200,0.05,0.05,0.0545,-1.1894,0.1894,1.0,0.0
1000,0.1,200,0.05,0.01,0.0392,-1.2,0.19999999999999996,1.1,0.10000000000000009
1000,0.1,200,0.05,0.0001,0.0256,0.6,0.4,-0.8,0.19999999999999996
1000,0.1,200,0.01,0.1,0.1745,0.9747,0.02529999999999999,-0.9747,0.02529999999999999
1000,0.1,200,0.01,0.05,0.2457,-0.9535,0.046499999999999986,1.0386,0.03859999999999997
1000,0.1,200,0.01,0.01,0.2006,-1.1824,0.1823999999999999,0.6,0.4
1000,0.1,200,0.01,0.0001,0.026,-0.3,0.7,1.7,0.7
1000,0.1,200,0.0001,0.1,0.3601,-0.9998,0.00019999999999997797,0.9998,0.00019999999999997797
1000,0.1,200,0.0001,0.05,0.7179,1.0004,0.00039999999999995595,-0.9995,0.0004999999999999449
1000,0.1,200,0.0001,0.01,2.9298,1.0025,0.0024999999999999467,-1.0025,0.0024999999999999467
1000,0.1,200,0.0001,0.0001,9.1377,0.2,0.8,-1.365,0.365
1000,0.2,50,0.1,0.1,0.0097,1.0,0.0,0.0,1.0
1000,0.2,50,0.1,0.05,0.0101,1.2,0.19999999999999996,0.9,0.09999999999999998
1000,0.2,50,0.1,0.01,0.0073,-1.3,0.30000000000000004,0.5,0.5
1000,0.2,50,0.1,0.0001,0.0071,-1.2,0.19999999999999996,1.5,0.5
1000,0.2,50,0.05,0.1,0.0196,-0.8576,0.14239999999999997,0.8576,0.14239999999999997
1000,0.2,50,0.05,0.05,0.0124,0.5,0.5,1.1,0.10000000000000009
1000,0.2,50,0.05,0.01,0.0112,-1.6,0.6000000000000001,-0.4,0.6
1000,0.2,50,0.05,0.0001,0.0073,0.8,0.19999999999999996,-1.9,0.8999999999999999
1000,0.2,50,0.01,0.1,0.0447,-1.0177,0.01770000000000005,1.0,0.0
1000,0.2,50,0.01,0.05,0.0701,-0.9522,0.047799999999999954,0.9543,0.04569999999999996
1000,0.2,50,0.01,0.01,0.0428,-0.0,1.0,1.1827,0.18270000000000008
1000,0.2,50,0.01,0.0001,0.0068,-1.5,0.5,0.1,0.9
1000,0.2,50,0.0001,0.1,0.102,-0.9998,0.00019999999999997797,0.9998,0.00019999999999997797
1000,0.2,50,0.0001,0.05,0.1848,0.9995,0.0004999999999999449,-0.9995,0.0004999999999999449
1000,0.2,50,0.0001,0.01,0.7227,1.0025,0.0024999999999999467,-1.0025,0.0024999999999999467
1000,0.2,50,0.0001,0.0001,2.6375,1.2622,0.2622,-1.1,0.10000000000000009
1000,0.2,100,0.1,0.1,0.019,0.5,0.5,-0.8,0.19999999999999996
1000,0.2,100,0.1,0.05,0.0185,-0.5,0.5,-0.8,0.19999999999999996
1000,0.2,100,0.1,0.01,0.0138,1.7,0.7,-0.0,1.0
1000,0.2,100,0.1,0.0001,0.0134,-0.3,0.7,-0.9,0.09999999999999998
1000,0.2,100,0.05,0.1,0.035,-1.0652,0.06519999999999992,1.0,0.0
1000,0.2,100,0.05,0.05,0.0278,0.9,0.09999999999999998,0.4,0.6
1000,0.2,100,0.05,0.01,0.0185,-0.2,0.8,-0.7,0.30000000000000004
1000,0.2,100,0.05,0.0001,0.0151,-0.1,0.9,1.8,0.8
1000,0.2,100,0.01,0.1,0.0919,-0.9839,0.016100000000000003,0.9763,0.023700000000000054
1000,0.2,100,0.01,0.05,0.1186,-0.9532,0.04679999999999995,1.0428,0.04279999999999995
1000,0.2,100,0.01,0.01,0.0934,-0.4,0.6,1.1832,0.18320000000000003
1000,0.2,100,0.01,0.0001,0.0137,-1.3,0.30000000000000004,0.7,0.30000000000000004
1000,0.2,100,0.0001,0.1,0.2012,-0.9998,0.00019999999999997797,0.9998,0.00019999999999997797
1000,0.2,100,0.0001,0.05,0.3745,-1.0004,0.00039999999999995595,0.9995,0.0004999999999999449
1000,0.2,100,0.0001,0.01,1.5178,-1.0025,0.0024999999999999467,0.9975,0.0024999999999999467
1000,0.2,100,0.0001,0.0001,4.7114,0.4,0.6,-0.9,0.09999999999999998
1000,0.2,150,0.1,0.1,0.0274,1.1,0.10000000000000009,0.4,0.6
1000,0.2,150,0.1,0.05,0.0291,-0.5,0.5,1.2656,0.26560000000000006
1000,0.2,150,0.1,0.01,0.0198,1.8,0.8,-0.4,0.6
1000,0.2,150,0.1,0.0001,0.0214,-1.8,0.8,1.4,0.3999999999999999
1000,0.2,150,0.05,0.1,0.0597,-0.8576,0.14239999999999997,0.8576,0.14239999999999997
1000,0.2,150,0.05,0.05,0.0395,-1.1884,0.1883999999999999,0.4,0.6
1000,0.2,150,0.05,0.01,0.0304,-0.9,0.09999999999999998,1.3,0.30000000000000004
1000,0.2,150,0.05,0.0001,0.0199,-1.7,0.7,0.7,0.30000000000000004
1000,0.2,150,0.01,0.1,0.1319,-0.9807,0.019299999999999984,0.9798,0.020199999999999996
1000,0.2,150,0.01,0.05,0.1656,1.0467,0.046699999999999964,-1.0386,0.03859999999999997
1000,0.2,150,0.01,0.01,0.1301,1.1904,0.1903999999999999,-1.1827,0.18270000000000008
1000,0.2,150,0.01,0.0001,0.0194,1.2,0.19999999999999996,1.8,0.8
1000,0.2,150,0.0001,0.1,0.2893,-0.9998,0.00019999999999997797,0.9998,0.00019999999999997797
1000,0.2,150,0.0001,0.05,0.5597,-1.0004,0.00039999999999995595,1.0004,0.00039999999999995595
1000,0.2,150,0.0001,0.01,2.1883,1.0025,0.0024999999999999467,-0.9975,0.0024999999999999467
1000,0.2,150,0.0001,0.0001,6.1121,0.4,0.6,-0.6,0.4
1000,0.2,200,0.1,0.1,0.036,1.1,0.10000000000000009,-1.1206,0.12060000000000004
1000,0.2,200,0.1,0.05,0.0391,1.2,0.19999999999999996,-0.4,0.6
1000,0.2,200,0.1,0.01,0.0261,-1.1,0.10000000000000009,-1.6,0.6000000000000001
1000,0.2,200,0.1,0.0001,0.0262,-0.1,0.9,-1.1,0.10000000000000009
1000,0.2,200,0.05,0.1,0.068,-1.1,0.10000000000000009,0.0,1.0
1000,0.2,200,0.05,0.05,0.055,-0.9,0.09999999999999998,-1.1825,0.1825000000000001
1000,0.2,200,0.05,0.01,0.039,-0.9,0.09999999999999998,0.5,0.5
1000,0.2,200,0.05,0.0001,0.0259,-0.5,0.5,1.4,0.3999999999999999
1000,0.2,200,0.01,0.1,0.185,1.0,0.0,-0.9791,0.02090000000000003
1000,0.2,200,0.01,0.05,0.2616,-0.9532,0.04679999999999995,1.0467,0.046699999999999964
1000,0.2,200,0.01,0.01,0.1932,1.1,0.10000000000000009,0.3,0.7
1000,0.2,200,0.01,0.0001,0.0264,-1.2,0.19999999999999996,1.6,0.6000000000000001
1000,0.2,200,0.0001,0.1,0.3742,-0.9998,0.00019999999999997797,0.9998,0.00019999999999997797
1000,0.2,200,0.0001,0.05,0.7098,1.0004,0.00039999999999995595,-0.9995,0.0004999999999999449
1000,0.2,200,0.0001,0.01,3.0894,1.0025,0.0024999999999999467,-0.9975,0.0024999999999999467
1000,0.2,200,0.0001,0.0001,8.9139,0.6,0.4,-1.1915,0.1915
1000,0.25,50,0.1,0.1,0.0116,-1.1008,0.1008,0.3,0.7
1000,0.25,50,0.1,0.05,0.0136,-1.264,0.264,0.2,0.8
1000,0.25,50,0.1,0.01,0.0074,-1.5,0.5,-0.5,0.5
1000,0.25,50,0.1,0.0001,0.0078,-0.1,0.9,1.6,0.6000000000000001
1000,0.25,50,0.05,0.1,0.0218,1.0574,0.057399999999999896,-0.9,0.09999999999999998
1000,0.25,50,0.05,0.05,0.0156,-1.1825,0.1825000000000001,0.9,0.09999999999999998
1000,0.25,50,0.05,0.01,0.0132,-0.1,0.9,-1.0,0.0
1000,0.25,50,0.05,0.0001,0.0073,0.7,0.30000000000000004,-0.5,0.5
1000,0.25,50,0.01,0.1,0.0506,-0.9747,0.02529999999999999,0.9763,0.023700000000000054
1000,0.25,50,0.01,0.05,0.0757,0.9508,0.04920000000000002,-0.9534,0.046599999999999975
1000,0.25,50,0.01,0.01,0.0403,-1.1832,0.18320000000000003,0.3,0.7
1000,0.25,50,0.01,0.0001,0.0066,0.7,0.30000000000000004,1.8,0.8
1000,0.25,50,0.0001,0.1,0.0943,0.9998,0.00019999999999997797,-0.9998,0.00019999999999997797
1000,0.25,50,0.0001,0.05,0.1818,1.0004,0.00039999999999995595,-0.9995,0.0004999999999999449
1000,0.25,50,0.0001,0.01,0.8117,0.9975,0.0024999999999999467,-0.9975,0.0024999999999999467
1000,0.25,50,0.0001,0.0001,2.1371,-0.2,0.8,0.8,0.19999999999999996
1000,0.25,100,0.1,0.1,0.0189,-1.0,0.0,0.8,0.19999999999999996
1000,0.25,100,0.1,0.05,0.0184,0.6,0.4,0.3,0.7
1000,0.25,100,0.1,0.01,0.0135,-0.1,0.9,-1.5,0.5
1000,0.25,100,0.1,0.0001,0.0139,-1.1,0.10000000000000009,-1.6,0.6000000000000001
1000,0.25,100,0.05,0.1,0.0384,-0.8576,0.14239999999999997,1.0679,0.06790000000000007
1000,0.25,100,0.05,0.05,0.026,-1.154,0.15399999999999991,0.7,0.30000000000000004
1000,0.25,100,0.05,0.01,0.0236,-1.5949,0.5949,1.6,0.6000000000000001
1000,0.25,100,0.05,0.0001,0.0131,0.9,0.09999999999999998,-1.5,0.5
1000,0.25,100,0.01,0.1,0.0864,1.0205,0.020499999999999963,-0.9763,0.023700000000000054
1000,0.25,100,0.01,0.05,0.1294,0.9535,0.046499999999999986,-1.0386,0.03859999999999997
1000,0.25,100,0.01,0.01,0.0822,-0.4,0.6,1.1914,0.19140000000000001
1000,0.25,100,0.01,0.0001,0.0132,0.2,0.8,-0.5,0.5
1000,0.25,100,0.0001,0.1,0.1813,0.9998,0.00019999999999997797,-0.9998,0.00019999999999997797
1000,0.25,100,0.0001,0.05,0.4223,-0.9995,0.0004999999999999449,1.0004,0.00039999999999995595
1000,0.25,100,0.0001,0.01,1.4809,-1.0025,0.0024999999999999467,0.9975,0.0024999999999999467
1000,0.25,100,0.0001,0.0001,2.9281,0.2,0.8,-0.4,0.6
1000,0.25,150,0.1,0.1,0.0286,0.9082,0.09179999999999999,-0.9936,0.006399999999999961
1000,0.25,150,0.1,0.05,0.0304,-1.2656,0.26560000000000006,1.2656,0.26560000000000006
1000,0.25,150,0.1,0.01,0.02,1.1,0.10000000000000009,0.1,0.9
1000,0.25,150,0.1,0.0001,0.02,-1.5,0.5,1.9,0.8999999999999999
1000,0.25,150,0.05,0.1,0.0586,-1.0,0.0,1.0944,0.09440000000000004
1000,0.25,150,0.05,0.05,0.0364,0.4,0.6,1.1907,0.1907000000000001
1000,0.25,150,0.05,0.01,0.0308,1.0,0.0,0.4,0.6
1000,0.25,150,0.05,0.0001,0.0202,-0.3,0.7,1.1,0.10000000000000009
1000,0.25,150,0.01,0.1,0.1328,0.9804,0.01959999999999995,-0.9747,0.02529999999999999
1000,0.25,150,0.01,0.05,0.2055,0.9508,0.04920000000000002,-0.9543,0.04569999999999996
1000,0.25,150,0.01,0.01,0.1576,1.1824,0.1823999999999999,-0.9,0.09999999999999998
1000,0.25,150,0.01,0.0001,0.0205,0.3,0.7,-0.3,0.7
1000,0.25,150,0.0001,0.1,0.3133,-0.9998,0.00019999999999997797,0.9998,0.00019999999999997797
1000,0.25,150,0.0001,0.05,0.6768,-0.9995,0.0004999999999999449,0.9995,0.0004999999999999449
1000,0.25,150,0.0001,0.01,2.5051,0.9975,0.0024999999999999467,-1.0025,0.0024999999999999467
1000,0.25,150,0.0001,0.0001,7.4556,-1.1914,0.19140000000000001,-0.8,0.19999999999999996
1000,0.25,200,0.1,0.1,0.0372,0.8,0.19999999999999996,-0.5,0.5
1000,0.25,200,0.1,0.05,0.0385,1.2656,0.26560000000000006,-0.4,0.6
1000,0.25,200,0.1,0.01,0.0281,1.1,0.10000000000000009,0.6,0.4
1000,0.25,200,0.1,0.0001,0.0265,1.3,0.30000000000000004,1.6,0.6000000000000001
1000,0.25,200,0.05,0.1,0.0715,-1.0944,0.09440000000000004,0.1,0.9
1000,0.25,200,0.05,0.05,0.0526,1.1894,0.1894,-0.9,0.09999999999999998
1000,0.25,200,0.05,0.01,0.0423,-0.6,0.4,1.5954,0.5953999999999999
1000,0.25,200,0.05,0.0001,0.0319,-0.2,0.8,1.3,0.30000000000000004
1000,0.25,200,0.01,0.1,0.1932,0.9747,0.02529999999999999,-0.9791,0.02090000000000003
1000,0.25,200,0.01,0.05,0.2965,-0.9484,0.05159999999999998,1.0458,0.04580000000000006
1000,0.25,200,0.01,0.01,0.1905,-1.1831,0.18310000000000004,1.1831,0.18310000000000004
1000,0.25,200,0.01,0.0001,0.0261,0.8,0.19999999999999996,-1.0,0.0
1000,0.25,200,0.0001,0.1,0.3869,-0.9998,0.00019999999999997797,0.9998,0.00019999999999997797
1000,0.25,200,0.0001,0.05,0.7499,0.9995,0.0004999999999999449,-0.9995,0.0004999999999999449
1000,0.25,200,0.0001,0.01,3.1837,-1.0025,0.0024999999999999467,1.0025,0.0024999999999999467
1000,0.25,200,0.0001,0.0001,9.9538,-0.4,0.6,-1.1915,0.1915
1000,0.5,50,0.1,0.1,0.0107,-0.9936,0.006399999999999961,-0.0,1.0
1000,0.5,50,0.1,0.05,0.0099,-1.2,0.19999999999999996,0.3,0.7
1000,0.5,50,0.1,0.01,0.0075,-1.1,0.10000000000000009,1.6,0.6000000000000001
1000,0.5,50,0.1,0.0001,0.0073,-1.6,0.6000000000000001,-0.5,0.5
1000,0.5,50,0.05,0.1,0.0254,0.8431,0.15690000000000004,0.1,0.9
1000,0.5,50,0.05,0.05,0.017,-0.3,0.7,-1.1907,0.1907000000000001
1000,0.5,50,0.05,0.01,0.0129,-0.2,0.8,1.5809,0.5809
1000,0.5,50,0.05,0.0001,0.0071,-1.9,0.8999999999999999,0.1,0.9
1000,0.5,50,0.01,0.1,0.0535,0.9776,0.022399999999999975,-0.9747,0.02529999999999999
1000,0.5,50,0.01,0.05,0.0708,1.0386,0.03859999999999997,-0.9484,0.05159999999999998
1000,0.5,50,0.01,0.01,0.0538,0.6,0.4,-1.1904,0.1903999999999999
1000,0.5,50,0.01,0.0001,0.008,-0.1,0.9,-0.7,0.30000000000000004
1000,0.5,50,0.0001,0.1,0.1105,0.9998,0.00019999999999997797,-1.0002,0.00019999999999997797
1000,0.5,50,0.0001,0.05,0.2117,0.9995,0.0004999999999999449,-0.9995,0.0004999999999999449
1000,0.5,50,0.0001,0.01,0.942,-0.9975,0.0024999999999999467,0.9975,0.0024999999999999467
1000,0.5,50,0.0001,0.0001,2.7736,-1.1915,0.1915,1.0,0.0
1000,0.5,100,0.1,0.1,0.0193,-0.8,0.19999999999999996,0.9082,0.09179999999999999
1000,0.5,100,0.1,0.05,0.0201,1.2656,0.26560000000000006,-1.2,0.19999999999999996
1000,0.5,100,0.1,0.01,0.0132,-0.3,0.7,0.6,0.4
1000,0.5,100,0.1,0.0001,0.0133,-1.2,0.19999999999999996,1.6,0.6000000000000001
1000,0.5,100,0.05,0.1,0.0372,0.2,0.8,0.8576,0.14239999999999997
1000,0.5,100,0.05,0.05,0.025,-1.154,0.15399999999999991,0.6,0.4
1000,0.5,100,0.05,0.01,0.02,1.5809,0.5809,0.0,1.0
1000,0.5,100,0.05,0.0001,0.0137,-1.9,0.8999999999999999,-0.7,0.30000000000000004
1000,0.5,100,0.01,0.1,0.0953,-0.9747,0.02529999999999999,0.9838,0.016199999999999992
1000,0.5,100,0.01,0.05,0.1549,0.947,0.05300000000000005,-1.0388,0.038799999999999946
1000,0.5,100,0.01,0.01,0.0989,-0.8,0.19999999999999996,0.6,0.4
1000,0.5,100,0.01,0.0001,0.0139,1.6,0.6000000000000001,0.1,0.9
1000,0.5,100,0.0001,0.1,0.1828,-0.9998,0.00019999999999997797,0.9998,0.00019999999999997797
1000,0.5,100,0.0001,0.05,0.3917,1.0004,0.00039999999999995595,-0.9995,0.0004999999999999449
1000,0.5,100,0.0001,0.01,1.4978,0.9975,0.0024999999999999467,-0.9975,0.0024999999999999467
1000,0.5,100,0.0001,0.0001,3.5313,0.9,0.09999999999999998,-1.0,0.0
1000,0.5,150,0.1,0.1,0.0299,-0.2,0.8,-0.8,0.19999999999999996
1000,0.5,150,0.1,0.05,0.0328,-0.9,0.09999999999999998,0.4,0.6
1000,0.5,150,0.1,0.01,0.0217,1.6,0.6000000000000001,-1.88,0.8799999999999999
1000,0.5,150,0.1,0.0001,0.0204,1.7,0.7,-1.7,0.7
1000,0.5,150,0.05,0.1,0.0583,0.2,0.8,-0.8431,0.15690000000000004
1000,0.5,150,0.05,0.05,0.0417,0.8,0.19999999999999996,-1.1825,0.1825000000000001
1000,0.5,150,0.05,0.01,0.0308,0.8,0.19999999999999996,-0.1,0.9
1000,0.5,150,0.05,0.0001,0.0206,-1.6,0.6000000000000001,1.8,0.8
1000,0.5,150,0.01,0.1,0.1335,1.0,0.0,-0.9747,0.02529999999999999
1000,0.5,150,0.01,0.05,0.1812,1.0386,0.03859999999999997,-0.0,1.0
1000,0.5,150,0.01,0.01,0.1133,-0.0,1.0,-1.1,0.10000000000000009
1000,0.5,150,0.01,0.0001,0.0197,1.1,0.10000000000000009,0.1,0.9
1000,0.5,150,0.0001,0.1,0.2767,-0.9998,0.00019999999999997797,0.9998,0.00019999999999997797
1000,0.5,150,0.0001,0.05,0.611,-0.9995,0.0004999999999999449,0.9995,0.0004999999999999449
1000,0.5,150,0.0001,0.01,2.3339,-0.9975,0.0024999999999999467,1.0025,0.0024999999999999467
1000,0.5,150,0.0001,0.0001,7.526,1.3928,0.39280000000000004,-0.3,0.7
1000,0.5,200,0.1,0.1,0.0386,0.7,0.30000000000000004,-0.9936,0.006399999999999961
1000,0.5,200,0.1,0.05,0.0427,-1.0,0.0,1.1,0.10000000000000009
1000,0.5,200,0.1,0.01,0.0324,1.5,0.5,-1.6,0.6000000000000001
1000,0.5,200,0.1,0.0001,0.0268,-0.5,0.5,1.3,0.30000000000000004
1000,0.5,200,0.05,0.1,0.0827,0.8576,0.14239999999999997,-0.8806,0.11939999999999995
1000,0.5,200,0.05,0.05,0.0747,0.8,0.19999999999999996,0.0,1.0
1000,0.5,200,0.05,0.01,0.0506,-1.5,0.5,1.3,0.30000000000000004
1000,0.5,200,0.05,0.0001,0.0284,-0.7,0.30000000000000004,-1.8,0.8
1000,0.5,200,0.01,0.1,0.1915,0.9776,0.022399999999999975,-0.9776,0.022399999999999975
1000,0.5,200,0.01,0.05,0.2766,-1.0458,0.04580000000000006,0.9543,0.04569999999999996
1000,0.5,200,0.01,0.01,0.1858,-1.1827,0.18270000000000008,0.6,0.4
1000,0.5,200,0.01,0.0001,0.0276,1.3,0.30000000000000004,0.5,0.5
1000,0.5,200,0.0001,0.1,0.4158,0.9998,0.00019999999999997797,-0.9998,0.00019999999999997797
1000,0.5,200,0.0001,0.05,0.8524,1.0004,0.00039999999999995595,-1.0004,0.00039999999999995595
1000,0.5,200,0.0001,0.01,3.4329,-1.0025,0.0024999999999999467,1.0025,0.0024999999999999467
1000,0.5,200,0.0001,0.0001,9.8671,0.2,0.8,1.3343,0.33430000000000004
1000,1.0,50,0.1,0.1,0.0103,0.1,0.9,-1.0,0.0
1000,1.0,50,0.1,0.05,0.0109,-1.2656,0.26560000000000006,1.1,0.10000000000000009
1000,1.0,50,0.1,0.01,0.0075,-0.5,0.5,-1.9,0.8999999999999999
1000,1.0,50,0.1,0.0001,0.0072,0.4,0.6,1.7,0.7
1000,1.0,50,0.05,0.1,0.018,-0.9082,0.09179999999999999,1.0944,0.09440000000000004
1000,1.0,50,0.05,0.05,0.015,0.6,0.4,-1.1894,0.1894
1000,1.0,50,0.05,0.01,0.0092,-0.8,0.19999999999999996,1.5954,0.5953999999999999
1000,1.0,50,0.05,0.0001,0.007,0.7,0.30000000000000004,-1.7,0.7
1000,1.0,50,0.01,0.1,0.0522,-1.0,0.0,0.9822,0.017800000000000038
1000,1.0,50,0.01,0.05,0.0658,-1.0458,0.04580000000000006,-0.0,1.0
1000,1.0,50,0.01,0.01,0.0508,-0.2,0.8,1.1827,0.18270000000000008
1000,1.0,50,0.01,0.0001,0.009,0.3,0.7,1.8,0.8
1000,1.0,50,0.0001,0.1,0.1034,0.9998,0.00019999999999997797,-1.0002,0.00019999999999997797
1000,1.0,50,0.0001,0.05,0.2195,-1.0004,0.00039999999999995595,1.0004,0.00039999999999995595
1000,1.0,50,0.0001,0.01,0.9342,-1.0025,0.0024999999999999467,0.9975,0.0024999999999999467
1000,1.0,50,0.0001,0.0001,2.6769,-1.1,0.10000000000000009,1.2201,0.22009999999999996
1000,1.0,100,0.1,0.1,0.0214,0.7,0.30000000000000004,-1.1,0.10000000000000009
1000,1.0,100,0.1,0.05,0.0235,0.8,0.19999999999999996,-1.2,0.19999999999999996
1000,1.0,100,0.1,0.01,0.016,-0.5,0.5,1.5,0.5
1000,1.0,100,0.1,0.0001,0.0143,-1.7,0.7,1.0,0.0
1000,1.0,100,0.05,0.1,0.0521,0.9936,0.006399999999999961,-0.9082,0.09179999999999999
1000,1.0,100,0.05,0.05,0.0269,0.7,0.30000000000000004,-1.1894,0.1894
1000,1.0,100,0.05,0.01,0.0237,-1.5954,0.5953999999999999,0.5,0.5
1000,1.0,100,0.05,0.0001,0.0143,1.9,0.8999999999999999,-1.0,0.0
1000,1.0,100,0.01,0.1,0.103,0.9838,0.016199999999999992,-1.0205,0.020499999999999963
1000,1.0,100,0.01,0.05,0.1423,1.0,0.0,-0.9508,0.04920000000000002
1000,1.0,100,0.01,0.01,0.1349,-1.1832,0.18320000000000003,1.1831,0.18310000000000004
1000,1.0,100,0.01,0.0001,0.014,1.9,0.8999999999999999,-1.5,0.5
1000,1.0,100,0.0001,0.1,0.242,0.9998,0.00019999999999997797,-0.9998,0.00019999999999997797
1000,1.0,100,0.0001,0.05,0.3984,-0.9995,0.0004999999999999449,1.0004,0.00039999999999995595
1000,1.0,100,0.0001,0.01,1.7221,1.0025,0.0024999999999999467,-1.0025,0.0024999999999999467
1000,1.0,100,0.0001,0.0001,5.2496,0.4,0.6,-0.7,0.30000000000000004
1000,1.0,150,0.1,0.1,0.0275,0.1,0.9,-1.1206,0.12060000000000004
1000,1.0,150,0.1,0.05,0.0302,1.2656,0.26560000000000006,0.0,1.0
1000,1.0,150,0.1,0.01,0.0203,0.7,0.30000000000000004,-1.2,0.19999999999999996
1000,1.0,150,0.1,0.0001,0.0195,-0.5,0.5,0.9,0.09999999999999998
1000,1.0,150,0.05,0.1,0.0528,1.1,0.10000000000000009,-0.9,0.09999999999999998
1000,1.0,150,0.05,0.05,0.0388,0.6,0.4,-0.5,0.5
1000,1.0,150,0.05,0.01,0.0282,-1.3,0.30000000000000004,1.5,0.5
1000,1.0,150,0.05,0.0001,0.0192,-0.5,0.5,0.6,0.4
1000,1.0,150,0.01,0.1,0.1367,0.9807,0.019299999999999984,-1.0,0.0
1000,1.0,150,0.01,0.05,0.2008,0.1,0.9,-1.0386,0.03859999999999997
1000,1.0,150,0.01,0.01,0.1395,1.184,0.18399999999999994,-0.3,0.7
1000,1.0,150,0.01,0.0001,0.0248,-0.3,0.7,1.6,0.6000000000000001
1000,1.0,150,0.0001,0.1,0.3074,0.9998,0.00019999999999997797,-0.9998,0.00019999999999997797
1000,1.0,150,0.0001,0.05,0.5795,-1.0004,0.00039999999999995595,1.0004,0.00039999999999995595
1000,1.0,150,0.0001,0.01,2.5348,-1.0025,0.0024999999999999467,0.9975,0.0024999999999999467
1000,1.0,150,0.0001,0.0001,7.9423,0.4,0.6,-1.1915,0.1915
1000,1.0,200,0.1,0.1,0.0451,0.3,0.7,-1.0574,0.057399999999999896
1000,1.0,200,0.1,0.05,0.0478,-0.5,0.5,1.0,0.0
1000,1.0,200,0.1,0.01,0.0305,0.8,0.19999999999999996,-0.8,0.19999999999999996
1000,1.0,200,0.1,0.0001,0.0294,-0.0,1.0,1.8,0.8
1000,1.0,200,0.05,0.1,0.0798,-1.0633,0.06329999999999991,1.0,0.0
1000,1.0,200,0.05,0.05,0.0561,1.0,0.0,-1.1894,0.1894
1000,1.0,200,0.05,0.01,0.049,0.4,0.6,1.5949,0.5949
1000,1.0,200,0.05,0.0001,0.0278,-1.8,0.8,0.3,0.7
1000,1.0,200,0.01,0.1,0.1974,-0.9747,0.02529999999999999,0.9804,0.01959999999999995
1000,1.0,200,0.01,0.05,0.2905,1.0386,0.03859999999999997,-1.0386,0.03859999999999997
1000,1.0,200,0.01,0.01,0.2082,0.5,0.5,-0.8,0.19999999999999996
1000,1.0,200,0.01,0.0001,0.0256,0.6,0.4,-1.3,0.30000000000000004
1000,1.0,200,0.0001,0.1,0.3853,-0.9998,0.00019999999999997797,0.9998,0.00019999999999997797
1000,1.0,200,0.0001,0.05,0.7819,-1.0004,0.00039999999999995595,1.0004,0.00039999999999995595
1000,1.0,200,0.0001,0.01,3.3002,1.0025,0.0024999999999999467,-0.9975,0.0024999999999999467
1000,1.0,200,0.0001,0.0001,8.7109,1.3928,0.39280000000000004,-1.1915,0.1915
2000,0.1,50,0.1,0.1,0.0102,-0.3,0.7,0.7,0.30000000000000004
2000,0.1,50,0.1,0.05,0.0113,-1.1,0.10000000000000009,-1.2656,0.26560000000000006
2000,0.1,50,0.1,0.01,0.0084,1.2,0.19999999999999996,-1.88,0.8799999999999999
2000,0.1,50,0.1,0.0001,0.0089,-0.8,0.19999999999999996,0.7,0.30000000000000004
2000,0.1,50,0.05,0.1,0.0234,-0.9082,0.09179999999999999,0.8806,0.11939999999999995
2000,0.1,50,0.05,0.05,0.0166,-0.7,0.30000000000000004,1.154,0.15399999999999991
2000,0.1,50,0.05,0.01,0.0136,1.5949,0.5949,0.1,0.9
2000,0.1,50,0.05,0.0001,0.0082,0.5,0.5,1.8,0.8
2000,0.1,50,0.01,0.1,0.0537,1.0219,0.02190000000000003,-0.9807,0.019299999999999984
2000,0.1,50,0.01,0.05,0.0598,1.0467,0.046699999999999964,-1.0417,0.04170000000000007
2000,0.1,50,0.01,0.01,0.0511,-1.1832,0.18320000000000003,-0.6,0.4
2000,0.1,50,0.01,0.0001,0.0075,-1.6,0.6000000000000001,1.1,0.10000000000000009
2000,0.1,50,0.0001,0.1,0.0947,0.9998,0.00019999999999997797,-0.9998,0.00019999999999997797
2000,0.1,50,0.0001,0.05,0.1901,0.9995,0.0004999999999999449,-1.0005,0.0004999999999999449
2000,0.1,50,0.0001,0.01,0.703,-1.0025,0.0024999999999999467,1.0025,0.0024999999999999467
2000,0.1,50,0.0001,0.0001,4.5673,-1.1915,0.1915,1.1915,0.1915
2000,0.1,100,0.1,0.1,0.0191,0.9936,0.006399999999999961,0.8,0.19999999999999996
2000,0.1,100,0.1,0.05,0.0232,0.7,0.30000000000000004,-0.2,0.8
2000,0.1,100,0.1,0.01,0.0148,-0.6,0.4,-1.3,0.30000000000000004
2000,0.1,100,0.1,0.0001,0.0148,1.2,0.19999999999999996,-1.2,0.19999999999999996
2000,0.1,100,0.05,0.1,0.0378,1.0633,0.06329999999999991,-1.0679,0.06790000000000007
2000,0.1,100,0.05,0.05,0.032,-1.1894,0.1894,-0.1,0.9
2000,0.1,100,0.05,0.01,0.0272,1.5949,0.5949,-1.6,0.6000000000000001
2000,0.1,100,0.05,0.0001,0.014,1.8,0.8,-0.4,0.6
2000,0.1,100,0.01,0.1,0.0964,-0.9791,0.02090000000000003,0.9798,0.020199999999999996
2000,0.1,100,0.01,0.05,0.1318,1.0386,0.03859999999999997,-0.9522,0.047799999999999954
2000,0.1,100,0.01,0.01,0.0869,-1.1894,0.1894,0.0,1.0
2000,0.1,100,0.01,0.0001,0.0134,-1.6,0.6000000000000001,-0.8,0.19999999999999996
2000,0.1,100,0.0001,0.1,0.2089,-0.9998,0.00019999999999997797,0.9998,0.00019999999999997797
2000,0.1,100,0.0001,0.05,0.3992,0.9995,0.0004999999999999449,-0.9995,0.0004999999999999449
2000,0.1,100,0.0001,0.01,1.4838,1.0025,0.0024999999999999467,-1.0025,0.0024999999999999467
2000,0.1,100,0.0001,0.0001,6.9564,1.1915,0.1915,-1.1915,0.1915
2000,0.1,150,0.1,0.1,0.0298,0.1,0.9,-0.9,0.09999999999999998
2000,0.1,150,0.1,0.05,0.0309,-0.9,0.09999999999999998,1.3,0.30000000000000004
2000,0.1,150,0.1,0.01,0.0213,0.4,0.6,1.8,0.8
2000,0.1,150,0.1,0.0001,0.0213,0.4,0.6,-1.9,0.8999999999999999
2000,0.1,150,0.05,0.1,0.0587,-1.0,0.0,0.8576,0.14239999999999997
2000,0.1,150,0.05,0.05,0.0418,1.1894,0.1894,-1.1825,0.1825000000000001
2000,0.1,150,0.05,0.01,0.0325,-0.9,0.09999999999999998,-0.2,0.8
2000,0.1,150,0.05,0.0001,0.0217,-1.0,0.0,1.0,0.0
2000,0.1,150,0.01,0.1,0.1209,0.9822,0.017800000000000038,-1.0188,0.018799999999999928
2000,0.1,150,0.01,0.05,0.2017,1.0458,0.04580000000000006,-1.0458,0.04580000000000006
2000,0.1,150,0.01,0.01,0.1184,1.0,0.0,1.1892,0.18920000000000003
2000,0.1,150,0.01,0.0001,0.0207,-0.7,0.30000000000000004,1.8,0.8
2000,0.1,150,0.0001,0.1,0.2802,-0.9998,0.00019999999999997797,0.9998,0.00019999999999997797
2000,0.1,150,0.0001,0.05,0.6187,-0.9995,0.0004999999999999449,0.9995,0.0004999999999999449
2000,0.1,150,0.0001,0.01,2.3576,-1.0025,0.0024999999999999467,0.9975,0.0024999999999999467
2000,0.1,150,0.0001,0.0001,11.1659,-1.1915,0.1915,1.1915,0.1915
2000,0.1,200,0.1,0.1,0.041,1.0,0.0,-1.125,0.125
2000,0.1,200,0.1,0.05,0.043,1.2656,0.26560000000000006,0.2,0.8
2000,0.1,200,0.1,0.01,0.0294,-0.6,0.4,-1.7,0.7
2000,0.1,200,0.1,0.0001,0.0278,0.5,0.5,1.5,0.5
2000,0.1,200,0.05,0.1,0.0789,0.8576,0.14239999999999997,-1.0,0.0
2000,0.1,200,0.05,0.05,0.0565,-1.1894,0.1894,-0.4,0.6
2000,0.1,200,0.05,0.01,0.0452,1.1,0.10000000000000009,0.0,1.0
2000,0.1,200,0.05,0.0001,0.0282,-1.6,0.6000000000000001,1.4,0.3999999999999999
2000,0.1,200,0.01,0.1,0.1914,0.9776,0.022399999999999975,-0.9804,0.01959999999999995
2000,0.1,200,0.01,0.05,0.262,0.9534,0.046599999999999975,-1.0386,0.03859999999999997
2000,0.1,200,0.01,0.01,0.1743,1.1894,0.1894,-0.2,0.8
2000,0.1,200,0.01,0.0001,0.0275,1.0,0.0,-1.4,0.3999999999999999
2000,0.1,200,0.0001,0.1,0.373,0.9998,0.00019999999999997797,-0.9998,0.00019999999999997797
2000,0.1,200,0.0001,0.05,0.7888,0.9995,0.0004999999999999449,-1.0004,0.00039999999999995595
2000,0.1,200,0.0001,0.01,2.8736,-1.0025,0.0024999999999999467,1.0025,0.0024999999999999467
2000,0.1,200,0.0001,0.0001,15.5493,1.1915,0.1915,0.6,0.4
2000,0.2,50,0.1,0.1,0.0112,-0.8,0.19999999999999996,-1.1312,0.13119999999999998
2000,0.2,50,0.1,0.05,0.0108,-1.2677,0.26770000000000005,1.0,0.0
2000,0.2,50,0.1,0.01,0.0094,0.9,0.09999999999999998,0.1,0.9
2000,0.2,50,0.1,0.0001,0.0073,0.7,0.30000000000000004,-0.1,0.9
2000,0.2,50,0.05,0.1,0.0237,0.8806,0.11939999999999995,0.2,0.8
2000,0.2,50,0.05,0.05,0.0174,1.154,0.15399999999999991,-1.1907,0.1907000000000001
2000,0.2,50,0.05,0.01,0.0092,0.5,0.5,-1.5809,0.5809
2000,0.2,50,0.05,0.0001,0.0075,-0.2,0.8,-1.2,0.19999999999999996
2000,0.2,50,0.01,0.1,0.0508,1.0219,0.02190000000000003,-0.9763,0.023700000000000054
2000,0.2,50,0.01,0.05,0.0755,0.9534,0.046599999999999975,-1.0375,0.03750000000000009
2000,0.2,50,0.01,0.01,0.0399,0.7,0.30000000000000004,-1.1,0.10000000000000009
2000,0.2,50,0.01,0.0001,0.0072,1.4,0.3999999999999999,-1.1,0.10000000000000009
2000,0.2,50,0.0001,0.1,0.0905,0.9998,0.00019999999999997797,-0.9998,0.00019999999999997797
2000,0.2,50,0.0001,0.05,0.2051,1.0004,0.00039999999999995595,-1.0004,0.00039999999999995595
2000,0.2,50,0.0001,0.01,0.7485,1.0025,0.0024999999999999467,-0.9975,0.0024999999999999467
2000,0.2,50,0.0001,0.0001,2.7754,-1.1915,0.1915,-0.0,1.0
2000,0.2,100,0.1,0.1,0.0193,-1.0574,0.057399999999999896,0.8,0.19999999999999996
2000,0.2,100,0.1,0.05,0.0237,-1.0,0.0,1.3125,0.3125
2000,0.2,100,0.1,0.01,0.0157,0.7,0.30000000000000004,-0.0,1.0
2000,0.2,100,0.1,0.0001,0.0155,-1.0,0.0,0.8,0.19999999999999996
2000,0.2,100,0.05,0.1,0.0392,-0.8576,0.14239999999999997,0.9082,0.09179999999999999
2000,0.2,100,0.05,0.05,0.0324,-1.1894,0.1894,1.1589,0.15890000000000004
2000,0.2,100,0.05,0.01,0.0218,0.6,0.4,-0.4,0.6
2000,0.2,100,0.05,0.0001,0.0138,-1.1,0.10000000000000009,-1.8,0.8
2000,0.2,100,0.01,0.1,0.0997,-0.9776,0.022399999999999975,0.9804,0.01959999999999995
2000,0.2,100,0.01,0.05,0.1391,-1.0458,0.04580000000000006,0.9534,0.046599999999999975
2000,0.2,100,0.01,0.01,0.1034,1.1831,0.18310000000000004,-1.1832,0.18320000000000003
2000,0.2,100,0.01,0.0001,0.015,0.6,0.4,-1.0,0.0
2000,0.2,100,0.0001,0.1,0.1908,0.9998,0.00019999999999997797,-1.0002,0.00019999999999997797
2000,0.2,100,0.0001,0.05,0.3774,-1.0004,0.00039999999999995595,0.9995,0.0004999999999999449
2000,0.2,100,0.0001,0.01,1.5591,-0.9975,0.0024999999999999467,1.0025,0.0024999999999999467
2000,0.2,100,0.0001,0.0001,6.7574,-1.1915,0.1915,1.1915,0.1915
2000,0.2,150,0.1,0.1,0.0298,-0.8,0.19999999999999996,0.8,0.19999999999999996
2000,0.2,150,0.1,0.05,0.0323,0.5,0.5,-1.264,0.264
2000,0.2,150,0.1,0.01,0.023,-0.6,0.4,-1.8,0.8
2000,0.2,150,0.1,0.0001,0.0219,0.9,0.09999999999999998,-1.5,0.5
2000,0.2,150,0.05,0.1,0.0607,0.9082,0.09179999999999999,-1.0574,0.057399999999999896
2000,0.2,150,0.05,0.05,0.0439,1.1894,0.1894,0.4,0.6
2000,0.2,150,0.05,0.01,0.0304,0.2,0.8,-0.9,0.09999999999999998
2000,0.2,150,0.05,0.0001,0.0206,-1.3,0.30000000000000004,1.8,0.8
2000,0.2,150,0.01,0.1,0.1399,-1.0205,0.020499999999999963,0.9747,0.02529999999999999
2000,0.2,150,0.01,0.05,0.1805,-1.0,0.0,0.947,0.05300000000000005
2000,0.2,150,0.01,0.01,0.1617,-1.1892,0.18920000000000003,1.184,0.18399999999999994
2000,0.2,150,0.01,0.0001,0.0211,-0.7,0.30000000000000004,-0.1,0.9
2000,0.2,150,0.0001,0.1,0.2866,-0.9998,0.00019999999999997797,0.9998,0.00019999999999997797
2000,0.2,150,0.0001,0.05,0.5475,-1.0004,0.00039999999999995595,1.0004,0.00039999999999995595
2000,0.2,150,0.0001,0.01,2.2326,-1.0025,0.0024999999999999467,1.0025,0.0024999999999999467
2000,0.2,150,0.0001,0.0001,9.3119,-1.1915,0.1915,1.1915,0.1915
2000,0.2,200,0.1,0.1,0.0398,-0.8,0.19999999999999996,1.1008,0.1008
2000,0.2,200,0.1,0.05,0.04,-0.1,0.9,-1.3,0.30000000000000004
2000,0.2,200,0.1,0.01,0.0281,-1.4,0.3999999999999999,1.6,0.6000000000000001
2000,0.2,200,0.1,0.0001,0.0273,-0.6,0.4,1.9,0.8999999999999999
2000,0.2,200,0.05,0.1,0.0887,-1.0633,0.06329999999999991,-0.8431,0.15690000000000004
2000,0.2,200,0.05,0.05,0.0555,1.1728,0.17280000000000006,-0.2,0.8
2000,0.2,200,0.05,0.01,0.0433,1.5809,0.5809,1.0,0.0
2000,0.2,200,0.05,0.0001,0.0275,1.0,0.0,-1.2,0.19999999999999996
2000,0.2,200,0.01,0.1,0.1764,-0.9747,0.02529999999999999,1.0205,0.020499999999999963
2000,0.2,200,0.01,0.05,0.2622,-1.0402,0.040200000000000014,1.0386,0.03859999999999997
2000,0.2,200,0.01,0.01,0.1616,-0.9,0.09999999999999998,-0.6,0.4
2000,0.2,200,0.01,0.0001,0.0273,-0.5,0.5,1.5,0.5
2000,0.2,200,0.0001,0.1,0.3648,-0.9998,0.00019999999999997797,0.9998,0.00019999999999997797
2000,0.2,200,0.0001,0.05,0.7459,-1.0004,0.00039999999999995595,1.0004,0.00039999999999995595
2000,0.2,200,0.0001,0.01,3.0502,1.0025,0.0024999999999999467,-0.9975,0.0024999999999999467
2000,0.2,200,0.0001,0.0001,14.1446,-1.1915,0.1915,1.1915,0.1915
2000,0.25,50,0.1,0.1,0.0105,-1.1008,0.1008,1.1312,0.13119999999999998
2000,0.25,50,0.1,0.05,0.0127,1.264,0.264,0.6,0.4
2000,0.25,50,0.1,0.01,0.0083,0.4,0.6,-1.7,0.7
2000,0.25,50,0.1,0.0001,0.008,-1.4,0.3999999999999999,-0.0,1.0
2000,0.25,50,0.05,0.1,0.0251,-0.9,0.09999999999999998,-0.1,0.9
2000,0.25,50,0.05,0.05,0.0133,1.1,0.10000000000000009,0.1,0.9
2000,0.25,50,0.05,0.01,0.012,1.5949,0.5949,-1.6,0.6000000000000001
2000,0.25,50,0.05,0.0001,0.0084,-1.8,0.8,-0.2,0.8
2000,0.25,50,0.01,0.1,0.0474,-0.9747,0.02529999999999999,0.9838,0.016199999999999992
2000,0.25,50,0.01,0.05,0.0695,-0.9534,0.046599999999999975,0.9543,0.04569999999999996
2000,0.25,50,0.01,0.01,0.0474,1.1832,0.18320000000000003,0.6,0.4
2000,0.25,50,0.01,0.0001,0.0071,1.4,0.3999999999999999,-1.7,0.7
2000,0.25,50,0.0001,0.1,0.0943,0.9998,0.00019999999999997797,-0.9998,0.00019999999999997797
2000,0.25,50,0.0001,0.05,0.1927,0.9995,0.0004999999999999449,-0.9995,0.0004999999999999449
2000,0.25,50,0.0001,0.01,0.835,0.9975,0.0024999999999999467,-0.9975,0.0024999999999999467
2000,0.25,50,0.0001,0.0001,4.4585,-1.1915,0.1915,1.1915,0.1915
2000,0.25,100,0.1,0.1,0.0216,0.4,0.6,1.1,0.10000000000000009
2000,0.25,100,0.1,0.05,0.0237,-1.2677,0.26770000000000005,-0.6,0.4
2000,0.25,100,0.1,0.01,0.0147,0.7,0.30000000000000004,0.1,0.9
2000,0.25,100,0.1,0.0001,0.0142,-0.5,0.5,0.5,0.5
2000,0.25,100,0.05,0.1,0.0386,-0.2,0.8,1.0679,0.06790000000000007
2000,0.25,100,0.05,0.05,0.0298,-0.4,0.6,1.1589,0.15890000000000004
2000,0.25,100,0.05,0.01,0.0252,-1.5954,0.5953999999999999,1.5954,0.5953999999999999
2000,0.25,100,0.05,0.0001,0.0147,1.5,0.5,-1.8,0.8
2000,0.25,100,0.01,0.1,0.0833,0.9839,0.016100000000000003,-1.0169,0.016899999999999915
2000,0.25,100,0.01,0.05,0.1425,1.0375,0.03750000000000009,-1.0384,0.03839999999999999
2000,0.25,100,0.01,0.01,0.082,-0.7,0.30000000000000004,0.5,0.5
2000,0.25,100,0.01,0.0001,0.0141,-0.2,0.8,-0.5,0.5
2000,0.25,100,0.0001,0.1,0.1982,-0.9998,0.00019999999999997797,1.0002,0.00019999999999997797
2000,0.25,100,0.0001,0.05,0.4088,1.0004,0.00039999999999995595,-1.0004,0.00039999999999995595
2000,0.25,100,0.0001,0.01,1.481,0.9975,0.0024999999999999467,-1.0025,0.0024999999999999467
2000,0.25,100,0.0001,0.0001,9.1023,-1.1915,0.1915,1.1914,0.19140000000000001
2000,0.25,150,0.1,0.1,0.0301,0.8,0.19999999999999996,-0.0,1.0
2000,0.25,150,0.1,0.05,0.0339,1.2656,0.26560000000000006,-0.8,0.19999999999999996
2000,0.25,150,0.1,0.01,0.0229,0.8,0.19999999999999996,-0.6,0.4
2000,0.25,150,0.1,0.0001,0.0223,-1.2,0.19999999999999996,-0.2,0.8
2000,0.25,150,0.05,0.1,0.0576,-0.8576,0.14239999999999997,0.8576,0.14239999999999997
2000,0.25,150,0.05,0.05,0.0407,-1.1472,0.1472,0.2,0.8
2000,0.25,150,0.05,0.01,0.0282,-0.2,0.8,-0.6,0.4
2000,0.25,150,0.05,0.0001,0.0218,-1.3,0.30000000000000004,0.5,0.5
2000,0.25,150,0.01,0.1,0.1465,-0.9747,0.02529999999999999,0.9804,0.01959999999999995
2000,0.25,150,0.01,0.05,0.2091,1.0386,0.03859999999999997,-0.9534,0.046599999999999975
2000,0.25,150,0.01,0.01,0.1557,-0.1,0.9,-1.1904,0.1903999999999999
2000,0.25,150,0.01,0.0001,0.0212,1.7,0.7,-1.7,0.7
2000,0.25,150,0.0001,0.1,0.2895,-0.9998,0.00019999999999997797,0.9998,0.00019999999999997797
2000,0.25,150,0.0001,0.05,0.5879,0.9995,0.0004999999999999449,-1.0004,0.00039999999999995595
2000,0.25,150,0.0001,0.01,2.2942,0.9975,0.0024999999999999467,-1.0025,0.0024999999999999467
2000,0.25,150,0.0001,0.0001,8.038,1.1915,0.1915,-1.1915,0.1915
2000,0.25,200,0.1,0.1,0.0387,-0.2,0.8,1.0944,0.09440000000000004
2000,0.25,200,0.1,0.05,0.0421,1.3125,0.3125,-0.5,0.5
2000,0.25,200,0.1,0.01,0.0291,0.2,0.8,-1.6,0.6000000000000001
2000,0.25,200,0.1,0.0001,0.0286,-1.7,0.7,-1.1,0.10000000000000009
2000,0.25,200,0.05,0.1,0.0792,0.8431,0.15690000000000004,-0.8576,0.14239999999999997
2000,0.25,200,0.05,0.05,0.053,0.0,1.0,-1.1907,0.1907000000000001
2000,0.25,200,0.05,0.01,0.04,-0.3,0.7,-1.4,0.3999999999999999
2000,0.25,200,0.05,0.0001,0.0285,-1.8,0.8,0.9,0.09999999999999998
2000,0.25,200,0.01,0.1,0.178,1.0,0.0,-0.9747,0.02529999999999999
2000,0.25,200,0.01,0.05,0.257,-1.0386,0.03859999999999997,-0.0,1.0
2000,0.25,200,0.01,0.01,0.1832,1.0,0.0,-1.0,0.0
2000,0.25,200,0.01,0.0001,0.0287,-0.4,0.6,-1.7,0.7
2000,0.25,200,0.0001,0.1,0.3882,0.9998,0.00019999999999997797,-0.9998,0.00019999999999997797
2000,0.25,200,0.0001,0.05,0.7123,0.9995,0.0004999999999999449,-0.9995,0.0004999999999999449
2000,0.25,200,0.0001,0.01,3.154,0.9975,0.0024999999999999467,-0.9975,0.0024999999999999467
2000,0.25,200,0.0001,0.0001,15.3465,1.1915,0.1915,-1.1915,0.1915
2000,0.5,50,0.1,0.1,0.0107,-1.0944,0.09440000000000004,0.8,0.19999999999999996
2000,0.5,50,0.1,0.05,0.0113,-1.2656,0.26560000000000006,1.3,0.30000000000000004
2000,0.5,50,0.1,0.01,0.0087,1.7,0.7,-1.0,0.0
2000,0.5,50,0.1,0.0001,0.0072,1.6,0.6000000000000001,-0.3,0.7
2000,0.5,50,0.05,0.1,0.0211,0.9082,0.09179999999999999,-0.8703,0.12970000000000004
2000,0.5,50,0.05,0.05,0.0141,-1.0,0.0,1.1472,0.1472
2000,0.5,50,0.05,0.01,0.0087,0.2,0.8,1.2,0.19999999999999996
2000,0.5,50,0.05,0.0001,0.0078,0.0,1.0,1.1,0.10000000000000009
2000,0.5,50,0.01,0.1,0.0512,0.9763,0.023700000000000054,-1.0177,0.01770000000000005
2000,0.5,50,0.01,0.05,0.063,1.0467,0.046699999999999964,-1.0467,0.046699999999999964
2000,0.5,50,0.01,0.01,0.0579,1.1914,0.19140000000000001,-1.1,0.10000000000000009
2000,0.5,50,0.01,0.0001,0.0072,-1.9,0.8999999999999999,-0.6,0.4
2000,0.5,50,0.0001,0.1,0.0987,-0.9998,0.00019999999999997797,0.9998,0.00019999999999997797
2000,0.5,50,0.0001,0.05,0.1912,1.0004,0.00039999999999995595,-1.0004,0.00039999999999995595
2000,0.5,50,0.0001,0.01,0.8311,0.9975,0.0024999999999999467,-1.0025,0.0024999999999999467
2000,0.5,50,0.0001,0.0001,3.6654,1.1914,0.19140000000000001,-1.1915,0.1915
2000,0.5,100,0.1,0.1,0.02,0.6,0.4,-0.8,0.19999999999999996
2000,0.5,100,0.1,0.05,0.0224,-1.2656,0.26560000000000006,0.7,0.30000000000000004
2000,0.5,100,0.1,0.01,0.0156,1.8,0.8,-1.2,0.19999999999999996
2000,0.5,100,0.1,0.0001,0.015,-1.5,0.5,0.7,0.30000000000000004
2000,0.5,100,0.05,0.1,0.0435,-0.8431,0.15690000000000004,0.9082,0.09179999999999999
2000,0.5,100,0.05,0.05,0.03,-1.1589,0.15890000000000004,0.1,0.9
2000,0.5,100,0.05,0.01,0.019,1.1,0.10000000000000009,-0.7,0.30000000000000004
2000,0.5,100,0.05,0.0001,0.0145,-0.0,1.0,1.5,0.5
2000,0.5,100,0.01,0.1,0.0924,0.9798,0.020199999999999996,-0.9838,0.016199999999999992
2000,0.5,100,0.01,0.05,0.1422,1.0375,0.03750000000000009,-0.9522,0.047799999999999954
2000,0.5,100,0.01,0.01,0.0947,1.1,0.10000000000000009,-0.5,0.5
2000,0.5,100,0.01,0.0001,0.015,-1.5,0.5,1.2,0.19999999999999996
2000,0.5,100,0.0001,0.1,0.1834,-0.9998,0.00019999999999997797,0.9998,0.00019999999999997797
2000,0.5,100,0.0001,0.05,0.373,0.9995,0.0004999999999999449,-1.0004,0.00039999999999995595
2000,0.5,100,0.0001,0.01,1.512,-1.0025,0.0024999999999999467,0.9975,0.0024999999999999467
2000,0.5,100,0.0001,0.0001,8.4308,1.1915,0.1915,-1.1915,0.1915
2000,0.5,150,0.1,0.1,0.0316,-0.0,1.0,0.9,0.09999999999999998
2000,0.5,150,0.1,0.05,0.0342,-1.2392,0.23920000000000008,0.9,0.09999999999999998
2000,0.5,150,0.1,0.01,0.0225,-1.6,0.6000000000000001,-0.8,0.19999999999999996
2000,0.5,150,0.1,0.0001,0.0204,0.5,0.5,1.2,0.19999999999999996
2000,0.5,150,0.05,0.1,0.0629,-0.8576,0.14239999999999997,0.8539,0.1461
2000,0.5,150,0.05,0.05,0.0463,1.154,0.15399999999999991,0.6,0.4
2000,0.5,150,0.05,0.01,0.0316,-1.2,0.19999999999999996,1.3,0.30000000000000004
2000,0.5,150,0.05,0.0001,0.0219,-0.4,0.6,-1.3,0.30000000000000004
2000,0.5,150,0.01,0.1,0.14,-1.0211,0.021099999999999897,0.9839,0.016100000000000003
2000,0.5,150,0.01,0.05,0.1962,-1.0386,0.03859999999999997,1.0386,0.03859999999999997
2000,0.5,150,0.01,0.01,0.1449,-0.2,0.8,1.1892,0.18920000000000003
2000,0.5,150,0.01,0.0001,0.0206,0.6,0.4,-1.0,0.0
2000,0.5,150,0.0001,0.1,0.28,-0.9998,0.00019999999999997797,0.9998,0.00019999999999997797
2000,0.5,150,0.0001,0.05,0.5674,-1.0004,0.00039999999999995595,1.0004,0.00039999999999995595
2000,0.5,150,0.0001,0.01,2.1197,-1.0025,0.0024999999999999467,1.0025,0.0024999999999999467
2000,0.5,150,0.0001,0.0001,12.5958,1.1915,0.1915,-1.1915,0.1915
2000,0.5,200,0.1,0.1,0.0391,0.7,0.30000000000000004,-1.0574,0.057399999999999896
2000,0.5,200,0.1,0.05,0.0418,1.3,0.30000000000000004,-0.3,0.7
2000,0.5,200,0.1,0.01,0.0314,0.0,1.0,1.9,0.8999999999999999
2000,0.5,200,0.1,0.0001,0.0282,1.0,0.0,-0.4,0.6
2000,0.5,200,0.05,0.1,0.0714,-1.0652,0.06519999999999992,0.8576,0.14239999999999997
2000,0.5,200,0.05,0.05,0.0544,-1.1894,0.1894,0.7,0.30000000000000004
2000,0.5,200,0.05,0.01,0.042,0.6,0.4,-1.2,0.19999999999999996
2000,0.5,200,0.05,0.0001,0.0294,-0.8,0.19999999999999996,-0.0,1.0
2000,0.5,200,0.01,0.1,0.1717,0.9838,0.016199999999999992,-1.0205,0.020499999999999963
2000,0.5,200,0.01,0.05,0.2592,1.0428,0.04279999999999995,-1.0417,0.04170000000000007
2000,0.5,200,0.01,0.01,0.1638,-1.0,0.0,1.1892,0.18920000000000003
2000,0.5,200,0.01,0.0001,0.0288,1.7,0.7,-1.2,0.19999999999999996
2000,0.5,200,0.0001,0.1,0.3798,-0.9998,0.00019999999999997797,0.9998,0.00019999999999997797
2000,0.5,200,0.0001,0.05,0.7753,0.9995,0.0004999999999999449,-0.9995,0.0004999999999999449
2000,0.5,200,0.0001,0.01,2.9925,-1.0025,0.0024999999999999467,0.9975,0.0024999999999999467
2000,0.5,200,0.0001,0.0001,15.6364,-1.1915,0.1915,1.1915,0.1915
2000,1.0,50,0.1,0.1,0.01,1.1008,0.1008,-0.0,1.0
2000,1.0,50,0.1,0.05,0.0098,1.2,0.19999999999999996,-0.6,0.4
2000,1.0,50,0.1,0.01,0.0073,0.2,0.8,-1.0,0.0
2000,1.0,50,0.1,0.0001,0.0079,0.6,0.4,-1.9,0.8999999999999999
2000,1.0,50,0.05,0.1,0.0182,-0.8539,0.1461,0.8847,0.11529999999999996
2000,1.0,50,0.05,0.05,0.0127,-0.7,0.30000000000000004,1.1894,0.1894
2000,1.0,50,0.05,0.01,0.0129,-1.3,0.30000000000000004,0.0,1.0
2000,1.0,50,0.05,0.0001,0.0071,-0.4,0.6,1.1,0.10000000000000009
2000,1.0,50,0.01,0.1,0.0437,-0.9776,0.022399999999999975,0.9798,0.020199999999999996
2000,1.0,50,0.01,0.05,0.0666,-0.9522,0.047799999999999954,1.0375,0.03750000000000009
2000,1.0,50,0.01,0.01,0.0538,-1.1827,0.18270000000000008,1.1894,0.1894
2000,1.0,50,0.01,0.0001,0.0069,-0.1,0.9,-1.2,0.19999999999999996
2000,1.0,50,0.0001,0.1,0.1095,-0.9998,0.00019999999999997797,0.9998,0.00019999999999997797
2000,1.0,50,0.0001,0.05,0.2023,-0.9995,0.0004999999999999449,1.0004,0.00039999999999995595
2000,1.0,50,0.0001,0.01,0.7828,-0.9975,0.0024999999999999467,0.9975,0.0024999999999999467
2000,1.0,50,0.0001,0.0001,3.3187,-1.1914,0.19140000000000001,1.1914,0.19140000000000001
2000,1.0,100,0.1,0.1,0.0297,-0.9936,0.006399999999999961,0.1,0.9
2000,1.0,100,0.1,0.05,0.0323,0.6,0.4,-0.9,0.09999999999999998
2000,1.0,100,0.1,0.01,0.0165,1.9,0.8999999999999999,-1.1,0.10000000000000009
2000,1.0,100,0.1,0.0001,0.0159,1.8,0.8,-0.1,0.9
2000,1.0,100,0.05,0.1,0.0519,-1.0633,0.06329999999999991,0.9082,0.09179999999999999
2000,1.0,100,0.05,0.05,0.0358,-1.1894,0.1894,0.2,0.8
2000,1.0,100,0.05,0.01,0.0286,0.2,0.8,-1.5809,0.5809
2000,1.0,100,0.05,0.0001,0.0165,1.6,0.6000000000000001,-0.0,1.0
2000,1.0,100,0.01,0.1,0.1047,1.0211,0.021099999999999897,-1.0179,0.017900000000000027
2000,1.0,100,0.01,0.05,0.1676,1.0386,0.03859999999999997,-1.0428,0.04279999999999995
2000,1.0,100,0.01,0.01,0.1165,0.4,0.6,-1.0,0.0
2000,1.0,100,0.01,0.0001,0.0158,0.2,0.8,-1.4,0.3999999999999999
2000,1.0,100,0.0001,0.1,0.2472,-0.9998,0.00019999999999997797,0.9998,0.00019999999999997797
2000,1.0,100,0.0001,0.05,0.4511,0.9995,0.0004999999999999449,-1.0004,0.00039999999999995595
2000,1.0,100,0.0001,0.01,1.8661,-1.0025,0.0024999999999999467,1.0025,0.0024999999999999467
2000,1.0,100,0.0001,0.0001,6.8803,-1.1915,0.1915,1.1915,0.1915
2000,1.0,150,0.1,0.1,0.0269,0.8,0.19999999999999996,-0.8,0.19999999999999996
2000,1.0,150,0.1,0.05,0.0279,-0.4,0.6,0.9,0.09999999999999998
2000,1.0,150,0.1,0.01,0.0203,0.2,0.8,-1.5,0.5
2000,1.0,150,0.1,0.0001,0.0195,1.2,0.19999999999999996,-1.1,0.10000000000000009
2000,1.0,150,0.05,0.1,0.0634,-1.0633,0.06329999999999991,0.8703,0.12970000000000004
2000,1.0,150,0.05,0.05,0.0426,0.6,0.4,-1.154,0.15399999999999991
2000,1.0,150,0.05,0.01,0.0312,0.7,0.30000000000000004,-1.6,0.6000000000000001
2000,1.0,150,0.05,0.0001,0.0198,-1.4,0.3999999999999999,0.4,0.6
2000,1.0,150,0.01,0.1,0.1292,0.9747,0.02529999999999999,-1.0188,0.018799999999999928
2000,1.0,150,0.01,0.05,0.1852,0.1,0.9,-1.0402,0.040200000000000014
2000,1.0,150,0.01,0.01,0.142,-1.1,0.10000000000000009,1.184,0.18399999999999994
2000,1.0,150,0.01,0.0001,0.0203,-0.5,0.5,1.1,0.10000000000000009
2000,1.0,150,0.0001,0.1,0.2929,0.9998,0.00019999999999997797,-0.9998,0.00019999999999997797
2000,1.0,150,0.0001,0.05,0.5838,1.0004,0.00039999999999995595,-1.0004,0.00039999999999995595
2000,1.0,150,0.0001,0.01,2.5646,0.9975,0.0024999999999999467,-1.0025,0.0024999999999999467
2000,1.0,150,0.0001,0.0001,10.2221,-1.1915,0.1915,1.1915,0.1915
2000,1.0,200,0.1,0.1,0.0367,-0.1,0.9,-1.1312,0.13119999999999998
2000,1.0,200,0.1,0.05,0.0407,-1.2656,0.26560000000000006,0.2,0.8
2000,1.0,200,0.1,0.01,0.0278,-0.1,0.9,-1.5,0.5
2000,1.0,200,0.1,0.0001,0.0281,-1.6,0.6000000000000001,0.6,0.4
2000,1.0,200,0.05,0.1,0.0817,-1.0944,0.09440000000000004,0.8806,0.11939999999999995
2000,1.0,200,0.05,0.05,0.0629,-1.1894,0.1894,1.1907,0.1907000000000001
2000,1.0,200,0.05,0.01,0.0493,-0.4,0.6,0.7,0.30000000000000004
2000,1.0,200,0.05,0.0001,0.0336,-1.9,0.8999999999999999,1.6,0.6000000000000001
2000,1.0,200,0.01,0.1,0.2428,-0.9747,0.02529999999999999,0.9822,0.017800000000000038
2000,1.0,200,0.01,0.05,0.3041,-0.9508,0.04920000000000002,0.9543,0.04569999999999996
2000,1.0,200,0.01,0.01,0.1795,0.5,0.5,-1.1,0.10000000000000009
2000,1.0,200,0.01,0.0001,0.0353,-1.7,0.7,-0.5,0.5
2000,1.0,200,0.0001,0.1,0.4821,-0.9998,0.00019999999999997797,0.9998,0.00019999999999997797
2000,1.0,200,0.0001,0.05,0.968,-0.9995,0.0004999999999999449,0.9995,0.0004999999999999449
2000,1.0,200,0.0001,0.01,3.8113,-1.0025,0.0024999999999999467,0.9975,0.0024999999999999467
2000,1.0,200,0.0001,0.0001,14.9901,1.1915,0.1915,-1.1915,0.1915
