N_qubits,beta,gamma,Prof_p,N_mc,Toler,Learning rate,Tiempo ejecucion,Primer minimo,Δ True Min,Segundo minimo,Δ True Min2
2,0.5,0.5,2,50,0.05,0.5,22.4645,-1.0,8.881784197001252e-16,0.8000000000000025,0.1999999999999975
2,0.5,0.5,2,100,0.05,0.5,47.0457,-1.0,8.881784197001252e-16,0.7000000000000024,0.2999999999999976
2,0.5,0.5,3,50,0.05,0.5,23.9527,-1.0,8.881784197001252e-16,0.7000000000000024,0.2999999999999976
2,0.5,0.5,3,100,0.05,0.5,48.2147,-1.1,0.0999999999999992,0.7000000000000024,0.2999999999999976
2,0.5,0.5,4,50,0.05,0.5,11.9297,-1.1,0.0999999999999992,0.8000000000000025,0.1999999999999975
2,0.5,0.5,4,100,0.05,0.5,28.8787,1.0,2.6645352591003757e-15,-1.0999999999999992,0.0999999999999992
2,0.5,0.25,2,50,0.05,0.5,24.6757,-1.1,0.0999999999999992,0.7000000000000024,0.2999999999999976
2,0.5,0.25,2,100,0.05,0.5,42.4217,-1.1,0.0999999999999992,0.7000000000000024,0.2999999999999976
2,0.5,0.25,3,50,0.05,0.5,18.6187,-1.0,8.881784197001252e-16,-1.3999999999999995,0.39999999999999947
2,0.5,0.25,3,100,0.05,0.5,41.7327,-1.1,0.0999999999999992,0.8000000000000025,0.1999999999999975
2,0.5,0.25,4,50,0.05,0.5,12.7777,1.0,2.6645352591003757e-15,-1.0999999999999992,0.0999999999999992
2,0.5,0.25,4,100,0.05,0.5,22.7457,1.0,2.6645352591003757e-15,-1.1999999999999993,0.1999999999999993
2,0.5,0.1,2,50,0.05,0.5,18.2208,-1.1,0.0999999999999992,-1.0999999999999992,0.0999999999999992
2,0.5,0.1,2,100,0.05,0.5,35.8426,-1.1,0.0999999999999992,-1.1999999999999993,0.1999999999999993
2,0.5,0.1,3,50,0.05,0.5,17.7797,-1.0,8.881784197001252e-16,0.5000000000000022,0.4999999999999978
2,0.5,0.1,3,100,0.05,0.5,37.9257,-1.0,8.881784197001252e-16,-1.1999999999999993,0.1999999999999993
2,0.5,0.1,4,50,0.05,0.5,11.3107,0.8,0.1999999999999975,-0.899999999999999,0.10000000000000098
2,0.5,0.1,4,100,0.05,0.5,26.2017,-1.2,0.1999999999999993,0.7000000000000024,0.2999999999999976
2,0.5,0.05,2,50,0.05,0.5,14.7687,-1.1,0.0999999999999992,0.8000000000000025,0.1999999999999975
2,0.5,0.05,2,100,0.05,0.5,33.5967,-0.9,0.10000000000000098,0.30000000000000204,0.699999999999998
2,0.5,0.05,3,50,0.05,0.5,17.4348,-1.1,0.0999999999999992,-1.0999999999999992,0.0999999999999992
2,0.5,0.05,3,100,0.05,0.5,32.7976,-1.2,0.1999999999999993,-1.1999999999999993,0.1999999999999993
2,0.5,0.05,4,50,0.05,0.5,12.1207,-1.4,0.39999999999999947,0.10000000000000187,0.8999999999999981
2,0.5,0.05,4,100,0.05,0.5,27.4717,-1.5,0.49999999999999956,0.6000000000000023,0.3999999999999977
2,0.5,0.01,2,50,0.05,0.5,16.5907,-1.0,8.881784197001252e-16,-1.3999999999999995,0.39999999999999947
2,0.5,0.01,2,100,0.05,0.5,25.8517,-1.2,0.1999999999999993,1.7763568394002505e-15,0.9999999999999982
2,0.5,0.01,3,50,0.05,0.5,12.4817,-1.2,0.1999999999999993,-1.2999999999999994,0.2999999999999994
2,0.5,0.01,3,100,0.05,0.5,27.9187,0.5,0.4999999999999978,-0.5999999999999988,0.40000000000000124
2,0.5,0.01,4,50,0.05,0.5,15.9797,0.8,0.1999999999999975,-1.3999999999999995,0.39999999999999947
2,0.5,0.01,4,100,0.05,0.5,23.3277,0.1,0.8999999999999981,-1.0999999999999992,0.0999999999999992
2,0.3,0.5,2,50,0.05,0.5,14.3717,-1.1,0.0999999999999992,0.7000000000000024,0.2999999999999976
2,0.3,0.5,2,100,0.05,0.5,34.0537,-1.1,0.0999999999999992,0.9000000000000026,0.09999999999999742
2,0.3,0.5,3,50,0.05,0.5,22.1067,-1.0,8.881784197001252e-16,0.8000000000000025,0.1999999999999975
2,0.3,0.5,3,100,0.05,0.5,44.7747,-1.0,8.881784197001252e-16,0.7000000000000024,0.2999999999999976
2,0.3,0.5,4,50,0.05,0.5,27.3797,-1.0,8.881784197001252e-16,0.7000000000000024,0.2999999999999976
2,0.3,0.5,4,100,0.05,0.5,55.7447,-1.0,8.881784197001252e-16,0.8000000000000025,0.1999999999999975
2,0.3,0.25,2,50,0.05,0.5,15.9657,-1.0,8.881784197001252e-16,0.7000000000000024,0.2999999999999976
2,0.3,0.25,2,100,0.05,0.5,29.0987,-1.1,0.0999999999999992,0.8000000000000025,0.1999999999999975
2,0.3,0.25,3,50,0.05,0.5,20.3917,-1.0,8.881784197001252e-16,0.6000000000000023,0.3999999999999977
2,0.3,0.25,3,100,0.05,0.5,36.8667,-1.0,8.881784197001252e-16,0.7000000000000024,0.2999999999999976
2,0.3,0.25,4,50,0.05,0.5,22.6726,-1.1,0.0999999999999992,0.8000000000000025,0.1999999999999975
2,0.3,0.25,4,100,0.05,0.5,51.5168,-1.1,0.0999999999999992,0.7000000000000024,0.2999999999999976
2,0.3,0.1,2,50,0.05,0.5,15.5986,-1.1,0.0999999999999992,0.7000000000000024,0.2999999999999976
2,0.3,0.1,2,100,0.05,0.5,26.329,-1.2,0.1999999999999993,0.6000000000000023,0.3999999999999977
2,0.3,0.1,3,50,0.05,0.5,18.8314,-1.0,8.881784197001252e-16,-1.1999999999999993,0.1999999999999993
2,0.3,0.1,3,100,0.05,0.5,35.8716,-1.1,0.0999999999999992,0.5000000000000022,0.4999999999999978
2,0.3,0.1,4,50,0.05,0.5,14.8307,-1.1,0.0999999999999992,1.7763568394002505e-15,0.9999999999999982
2,0.3,0.1,4,100,0.05,0.5,36.7657,-1.0,8.881784197001252e-16,0.7000000000000024,0.2999999999999976
2,0.3,0.05,2,50,0.05,0.5,12.0887,-0.9,0.10000000000000098,0.5000000000000022,0.4999999999999978
2,0.3,0.05,2,100,0.05,0.5,26.5317,-1.1,0.0999999999999992,0.7000000000000024,0.2999999999999976
2,0.3,0.05,3,50,0.05,0.5,14.9537,-1.1,0.0999999999999992,0.10000000000000187,0.8999999999999981
2,0.3,0.05,3,100,0.05,0.5,34.2017,-1.2,0.1999999999999993,0.6000000000000023,0.3999999999999977
2,0.3,0.05,4,50,0.05,0.5,18.0697,-1.2,0.1999999999999993,-1.1999999999999993,0.1999999999999993
2,0.3,0.05,4,100,0.05,0.5,36.8257,-1.1,0.0999999999999992,-1.1999999999999993,0.1999999999999993
2,0.3,0.01,2,50,0.05,0.5,13.1147,0.2,0.799999999999998,-1.6999999999999997,0.6999999999999997
2,0.3,0.01,2,100,0.05,0.5,29.6046,-1.1,0.0999999999999992,-1.3999999999999995,0.39999999999999947
2,0.3,0.01,3,50,0.05,0.5,16.7787,-1.0,8.881784197001252e-16,-0.3999999999999986,0.6000000000000014
2,0.3,0.01,3,100,0.05,0.5,32.1267,-1.4,0.39999999999999947,-1.2999999999999994,0.2999999999999994
2,0.3,0.01,4,50,0.05,0.5,10.8017,0.2,0.799999999999998,-1.2999999999999994,0.2999999999999994
2,0.3,0.01,4,100,0.05,0.5,27.1067,0.5,0.4999999999999978,-1.3999999999999995,0.39999999999999947
2,0.1,0.5,2,50,0.05,0.5,13.4947,-1.2,0.1999999999999993,0.7000000000000024,0.2999999999999976
2,0.1,0.5,2,100,0.05,0.5,26.5227,-1.1,0.0999999999999992,0.6000000000000023,0.3999999999999977
2,0.1,0.5,3,50,0.05,0.5,12.3777,-1.1,0.0999999999999992,0.9000000000000026,0.09999999999999742
2,0.1,0.5,3,100,0.05,0.5,28.4887,-1.1,0.0999999999999992,0.8000000000000025,0.1999999999999975
2,0.1,0.5,4,50,0.05,0.5,15.0256,-1.1,0.0999999999999992,0.6000000000000023,0.3999999999999977
2,0.1,0.5,4,100,0.05,0.5,26.1497,-1.1,0.0999999999999992,0.8000000000000025,0.1999999999999975
2,0.1,0.25,2,50,0.05,0.5,12.9687,0.9,0.09999999999999742,0.30000000000000204,0.699999999999998
2,0.1,0.25,2,100,0.05,0.5,25.4837,-1.1,0.0999999999999992,0.9000000000000026,0.09999999999999742
2,0.1,0.25,3,50,0.05,0.5,11.9067,-1.1,0.0999999999999992,0.8000000000000025,0.1999999999999975
2,0.1,0.25,3,100,0.05,0.5,27.3568,-1.1,0.0999999999999992,0.6000000000000023,0.3999999999999977
2,0.1,0.25,4,50,0.05,0.5,11.4546,0.9,0.09999999999999742,-1.0999999999999992,0.0999999999999992
2,0.1,0.25,4,100,0.05,0.5,23.4016,-1.1,0.0999999999999992,-1.1999999999999993,0.1999999999999993
2,0.1,0.1,2,50,0.05,0.5,12.5677,1.0,2.6645352591003757e-15,-1.2999999999999994,0.2999999999999994
2,0.1,0.1,2,100,0.05,0.5,22.1347,-1.2,0.1999999999999993,0.8000000000000025,0.1999999999999975
2,0.1,0.1,3,50,0.05,0.5,12.2477,-1.2,0.1999999999999993,0.20000000000000195,0.799999999999998
2,0.1,0.1,3,100,0.05,0.5,24.2287,-1.1,0.0999999999999992,0.6000000000000023,0.3999999999999977
2,0.1,0.1,4,50,0.05,0.5,11.0967,-1.1,0.0999999999999992,-1.1999999999999993,0.1999999999999993
2,0.1,0.1,4,100,0.05,0.5,22.1373,-1.1,0.0999999999999992,0.7000000000000024,0.2999999999999976
2,0.1,0.05,2,50,0.05,0.5,11.707,-1.3,0.2999999999999994,0.8000000000000025,0.1999999999999975
2,0.1,0.05,2,100,0.05,0.5,24.1166,-1.1,0.0999999999999992,0.6000000000000023,0.3999999999999977
2,0.1,0.05,3,50,0.05,0.5,12.6397,1.0,2.6645352591003757e-15,-0.9999999999999991,8.881784197001252e-16
2,0.1,0.05,3,100,0.05,0.5,22.1387,-1.3,0.2999999999999994,-1.3999999999999995,0.39999999999999947
2,0.1,0.05,4,50,0.05,0.5,13.6867,-1.0,8.881784197001252e-16,-1.4999999999999996,0.49999999999999956
2,0.1,0.05,4,100,0.05,0.5,25.8798,-1.0,8.881784197001252e-16,-1.2999999999999994,0.2999999999999994
2,0.1,0.01,2,50,0.05,0.5,11.4147,-1.2,0.1999999999999993,0.30000000000000204,0.699999999999998
2,0.1,0.01,2,100,0.05,0.5,25.7747,-0.7,0.30000000000000115,-1.1999999999999993,0.1999999999999993
2,0.1,0.01,3,50,0.05,0.5,10.9717,0.7,0.2999999999999976,-1.4999999999999996,0.49999999999999956
2,0.1,0.01,3,100,0.05,0.5,23.2954,-1.5,0.49999999999999956,0.8000000000000025,0.1999999999999975
2,0.1,0.01,4,50,0.05,0.5,11.2439,1.1,0.10000000000000275,-1.3999999999999995,0.39999999999999947
2,0.1,0.01,4,100,0.05,0.5,27.3997,0.9,0.09999999999999742,0.40000000000000213,0.5999999999999979
3,0.5,0.5,2,50,0.05,0.5,75.7197,-1.0,8.881784197001252e-16,-1.5999999999999996,0.5999999999999996
3,0.5,0.5,2,100,0.05,0.5,151.6247,-1.0,8.881784197001252e-16,0.7000000000000024,0.2999999999999976
3,0.5,0.5,3,50,0.05,0.5,60.3076,-1.0,8.881784197001252e-16,-1.1999999999999993,0.1999999999999993
3,0.5,0.5,3,100,0.05,0.5,131.4107,-1.0,8.881784197001252e-16,0.7000000000000024,0.2999999999999976
3,0.5,0.5,4,50,0.05,0.5,36.5006,0.9,0.09999999999999742,-1.1999999999999993,0.1999999999999993
3,0.5,0.5,4,100,0.05,0.5,82.3267,0.9,0.09999999999999742,-1.0999999999999992,0.0999999999999992
3,0.5,0.25,2,50,0.05,0.5,96.8977,-1.0,8.881784197001252e-16,0.8000000000000025,0.1999999999999975
3,0.5,0.25,2,100,0.05,0.5,169.4297,-1.1,0.0999999999999992,0.7000000000000024,0.2999999999999976
3,0.5,0.25,3,50,0.05,0.5,63.1737,-1.0,8.881784197001252e-16,0.8000000000000025,0.1999999999999975
3,0.5,0.25,3,100,0.05,0.5,128.1047,-1.0,8.881784197001252e-16,0.5000000000000022,0.4999999999999978
3,0.5,0.25,4,50,0.05,0.5,41.0696,-1.0,8.881784197001252e-16,0.7000000000000024,0.2999999999999976
3,0.5,0.25,4,100,0.05,0.5,105.4736,0.9,0.09999999999999742,0.8000000000000025,0.1999999999999975
3,0.5,0.1,2,50,0.05,0.5,69.1327,-1.1,0.0999999999999992,-1.0999999999999992,0.0999999999999992
3,0.5,0.1,2,100,0.05,0.5,156.8407,-1.1,0.0999999999999992,-1.0999999999999992,0.0999999999999992
3,0.5,0.1,3,50,0.05,0.5,56.2806,-1.0,8.881784197001252e-16,-1.4999999999999996,0.49999999999999956
3,0.5,0.1,3,100,0.05,0.5,133.2537,-1.1,0.0999999999999992,-1.1999999999999993,0.1999999999999993
3,0.5,0.1,4,50,0.05,0.5,37.5406,-1.2,0.1999999999999993,-0.899999999999999,0.10000000000000098
3,0.5,0.1,4,100,0.05,0.5,105.7997,-1.1,0.0999999999999992,0.40000000000000213,0.5999999999999979
3,0.5,0.05,2,50,0.05,0.5,55.4331,-1.1,0.0999999999999992,-0.9999999999999991,8.881784197001252e-16
3,0.5,0.05,2,100,0.05,0.5,129.9843,-1.0,8.881784197001252e-16,-1.0999999999999992,0.0999999999999992
3,0.5,0.05,3,50,0.05,0.5,62.3857,-1.1,0.0999999999999992,-1.2999999999999994,0.2999999999999994
3,0.5,0.05,3,100,0.05,0.5,124.7636,-1.2,0.1999999999999993,-0.9999999999999991,8.881784197001252e-16
3,0.5,0.05,4,50,0.05,0.5,49.5818,-1.2,0.1999999999999993,-1.0999999999999992,0.0999999999999992
3,0.5,0.05,4,100,0.05,0.5,85.9756,-1.1,0.0999999999999992,-1.2999999999999994,0.2999999999999994
3,0.5,0.01,2,50,0.05,0.5,49.8807,-0.6,0.40000000000000124,0.40000000000000213,0.5999999999999979
3,0.5,0.01,2,100,0.05,0.5,116.8616,-1.0,8.881784197001252e-16,-0.3999999999999986,0.6000000000000014
3,0.5,0.01,3,50,0.05,0.5,51.3512,-1.3,0.2999999999999994,-0.9999999999999991,8.881784197001252e-16
3,0.5,0.01,3,100,0.05,0.5,109.9741,-1.2,0.1999999999999993,-0.899999999999999,0.10000000000000098
3,0.5,0.01,4,50,0.05,0.5,40.1576,-1.2,0.1999999999999993,0.30000000000000204,0.699999999999998
3,0.5,0.01,4,100,0.05,0.5,88.1721,-1.0,8.881784197001252e-16,-0.5999999999999988,0.40000000000000124
3,0.3,0.5,2,50,0.05,0.5,51.4873,-1.1,0.0999999999999992,-1.1999999999999993,0.1999999999999993
3,0.3,0.5,2,100,0.05,0.5,98.9127,-1.0,8.881784197001252e-16,0.7000000000000024,0.2999999999999976
3,0.3,0.5,3,50,0.05,0.5,73.6507,-1.0,8.881784197001252e-16,0.8000000000000025,0.1999999999999975
3,0.3,0.5,3,100,0.05,0.5,117.7777,-1.0,8.881784197001252e-16,0.8000000000000025,0.1999999999999975
3,0.3,0.5,4,50,0.05,0.5,91.1426,-1.0,8.881784197001252e-16,0.7000000000000024,0.2999999999999976
3,0.3,0.5,4,100,0.05,0.5,181.0087,-1.0,8.881784197001252e-16,0.8000000000000025,0.1999999999999975
3,0.3,0.25,2,50,0.05,0.5,50.4667,-1.1,0.0999999999999992,-1.0999999999999992,0.0999999999999992
3,0.3,0.25,2,100,0.05,0.5,112.5816,-1.0,8.881784197001252e-16,0.8000000000000025,0.1999999999999975
3,0.3,0.25,3,50,0.05,0.5,71.7617,-1.1,0.0999999999999992,0.7000000000000024,0.2999999999999976
3,0.3,0.25,3,100,0.05,0.5,145.8857,-1.0,8.881784197001252e-16,0.7000000000000024,0.2999999999999976
3,0.3,0.25,4,50,0.05,0.5,88.9487,-1.0,8.881784197001252e-16,0.7000000000000024,0.2999999999999976
3,0.3,0.25,4,100,0.05,0.5,202.6626,-1.0,8.881784197001252e-16,0.7000000000000024,0.2999999999999976
3,0.3,0.1,2,50,0.05,0.5,51.0386,-1.2,0.1999999999999993,0.8000000000000025,0.1999999999999975
3,0.3,0.1,2,100,0.05,0.5,93.0306,-1.1,0.0999999999999992,0.7000000000000024,0.2999999999999976
3,0.3,0.1,3,50,0.05,0.5,68.8327,-0.9,0.10000000000000098,-1.0999999999999992,0.0999999999999992
3,0.3,0.1,3,100,0.05,0.5,117.2984,-1.1,0.0999999999999992,0.7000000000000024,0.2999999999999976
3,0.3,0.1,4,50,0.05,0.5,73.0508,-1.0,8.881784197001252e-16,0.6000000000000023,0.3999999999999977
3,0.3,0.1,4,100,0.05,0.5,140.3167,-1.0,8.881784197001252e-16,0.7000000000000024,0.2999999999999976
3,0.3,0.05,2,50,0.05,0.5,54.5436,-1.1,0.0999999999999992,-1.0999999999999992,0.0999999999999992
3,0.3,0.05,2,100,0.05,0.5,88.0556,-1.1,0.0999999999999992,-1.1999999999999993,0.1999999999999993
3,0.3,0.05,3,50,0.05,0.5,57.8024,-1.0,8.881784197001252e-16,-1.1999999999999993,0.1999999999999993
3,0.3,0.05,3,100,0.05,0.5,118.4789,-1.0,8.881784197001252e-16,-1.1999999999999993,0.1999999999999993
3,0.3,0.05,4,50,0.05,0.5,72.3476,-1.0,8.881784197001252e-16,0.6000000000000023,0.3999999999999977
3,0.3,0.05,4,100,0.05,0.5,131.5282,-1.1,0.0999999999999992,0.6000000000000023,0.3999999999999977
3,0.3,0.01,2,50,0.05,0.5,47.3832,-1.4,0.39999999999999947,0.8000000000000025,0.1999999999999975
3,0.3,0.01,2,100,0.05,0.5,89.2557,-0.9,0.10000000000000098,-1.1999999999999993,0.1999999999999993
3,0.3,0.01,3,50,0.05,0.5,50.3096,0.2,0.799999999999998,-1.2999999999999994,0.2999999999999994
3,0.3,0.01,3,100,0.05,0.5,96.0447,-0.5,0.5000000000000013,1.7763568394002505e-15,0.9999999999999982
3,0.3,0.01,4,50,0.05,0.5,52.6887,-1.1,0.0999999999999992,0.30000000000000204,0.699999999999998
3,0.3,0.01,4,100,0.05,0.5,118.0597,-0.9,0.10000000000000098,-0.3999999999999986,0.6000000000000014
3,0.1,0.5,2,50,0.05,0.5,32.4517,1.0,2.6645352591003757e-15,0.7000000000000024,0.2999999999999976
3,0.1,0.5,2,100,0.05,0.5,86.4709,-1.0,8.881784197001252e-16,0.8000000000000025,0.1999999999999975
3,0.1,0.5,3,50,0.05,0.5,44.2525,-1.1,0.0999999999999992,0.8000000000000025,0.1999999999999975
3,0.1,0.5,3,100,0.05,0.5,96.0146,-1.1,0.0999999999999992,0.7000000000000024,0.2999999999999976
3,0.1,0.5,4,50,0.05,0.5,45.3112,0.9,0.09999999999999742,-0.9999999999999991,8.881784197001252e-16
3,0.1,0.5,4,100,0.05,0.5,84.7282,-1.1,0.0999999999999992,0.7000000000000024,0.2999999999999976
3,0.1,0.25,2,50,0.05,0.5,45.2061,-1.2,0.1999999999999993,0.9000000000000026,0.09999999999999742
3,0.1,0.25,2,100,0.05,0.5,86.6512,-1.0,8.881784197001252e-16,-1.1999999999999993,0.1999999999999993
3,0.1,0.25,3,50,0.05,0.5,47.8206,1.0,2.6645352591003757e-15,-1.0999999999999992,0.0999999999999992
3,0.1,0.25,3,100,0.05,0.5,76.8057,-1.1,0.0999999999999992,0.6000000000000023,0.3999999999999977
3,0.1,0.25,4,50,0.05,0.5,43.7617,-1.1,0.0999999999999992,-1.0999999999999992,0.0999999999999992
3,0.1,0.25,4,100,0.05,0.5,91.3237,-1.0,8.881784197001252e-16,0.7000000000000024,0.2999999999999976
3,0.1,0.1,2,50,0.05,0.5,34.3717,0.9,0.09999999999999742,-1.1999999999999993,0.1999999999999993
3,0.1,0.1,2,100,0.05,0.5,73.8526,-1.1,0.0999999999999992,-1.1999999999999993,0.1999999999999993
3,0.1,0.1,3,50,0.05,0.5,36.4297,-1.2,0.1999999999999993,-1.1999999999999993,0.1999999999999993
3,0.1,0.1,3,100,0.05,0.5,74.7596,-1.0,8.881784197001252e-16,0.7000000000000024,0.2999999999999976
3,0.1,0.1,4,50,0.05,0.5,33.0347,-1.0,8.881784197001252e-16,-1.1999999999999993,0.1999999999999993
3,0.1,0.1,4,100,0.05,0.5,82.0077,1.0,2.6645352591003757e-15,-1.1999999999999993,0.1999999999999993
3,0.1,0.05,2,50,0.05,0.5,38.1847,-1.5,0.49999999999999956,1.1000000000000028,0.10000000000000275
3,0.1,0.05,2,100,0.05,0.5,66.9937,1.1,0.10000000000000275,-1.2999999999999994,0.2999999999999994
3,0.1,0.05,3,50,0.05,0.5,33.9867,-1.0,8.881784197001252e-16,0.7000000000000024,0.2999999999999976
3,0.1,0.05,3,100,0.05,0.5,67.3346,-1.0,8.881784197001252e-16,-1.1999999999999993,0.1999999999999993
3,0.1,0.05,4,50,0.05,0.5,34.1487,-1.2,0.1999999999999993,-0.9999999999999991,8.881784197001252e-16
3,0.1,0.05,4,100,0.05,0.5,82.9826,-1.0,8.881784197001252e-16,0.8000000000000025,0.1999999999999975
3,0.1,0.01,2,50,0.05,0.5,42.1327,0.8,0.1999999999999975,-1.3999999999999995,0.39999999999999947
3,0.1,0.01,2,100,0.05,0.5,77.5667,-1.3,0.2999999999999994,-0.7999999999999989,0.20000000000000107
3,0.1,0.01,3,50,0.05,0.5,38.9097,-1.4,0.39999999999999947,0.6000000000000023,0.3999999999999977
3,0.1,0.01,3,100,0.05,0.5,87.3546,-1.5,0.49999999999999956,-0.9999999999999991,8.881784197001252e-16
3,0.1,0.01,4,50,0.05,0.5,38.2237,-1.3,0.2999999999999994,1.500000000000003,0.5000000000000031
3,0.1,0.01,4,100,0.05,0.5,85.6592,-1.2,0.1999999999999993,-1.3999999999999995,0.39999999999999947
4,0.5,0.5,2,50,0.05,0.5,171.508,0.9,0.09999999999999742,-0.9999999999999991,8.881784197001252e-16
4,0.5,0.5,2,100,0.05,0.5,366.2655,0.9,0.09999999999999742,-0.9999999999999991,8.881784197001252e-16
4,0.5,0.5,3,50,0.05,0.5,186.0795,0.7,0.2999999999999976,1.7000000000000033,0.7000000000000033
4,0.5,0.5,3,100,0.05,0.5,395.0446,-1.0,8.881784197001252e-16,0.6000000000000023,0.3999999999999977
4,0.5,0.5,4,50,0.05,0.5,173.4415,0.8,0.1999999999999975,-0.9999999999999991,8.881784197001252e-16
4,0.5,0.5,4,100,0.05,0.5,316.8495,0.8,0.1999999999999975,-0.9999999999999991,8.881784197001252e-16
4,0.5,0.25,2,50,0.05,0.5,148.7135,-1.2,0.1999999999999993,0.7000000000000024,0.2999999999999976
4,0.5,0.25,2,100,0.05,0.5,255.4635,-1.2,0.1999999999999993,0.7000000000000024,0.2999999999999976
4,0.5,0.25,3,50,0.05,0.5,191.3885,-1.0,8.881784197001252e-16,0.6000000000000023,0.3999999999999977
4,0.5,0.25,3,100,0.05,0.5,413.2106,0.9,0.09999999999999742,-0.9999999999999991,8.881784197001252e-16
4,0.5,0.25,4,50,0.05,0.5,169.4494,-1.0,8.881784197001252e-16,-1.3999999999999995,0.39999999999999947
4,0.5,0.25,4,100,0.05,0.5,296.7555,0.9,0.09999999999999742,1.6000000000000032,0.6000000000000032
4,0.5,0.1,2,50,0.05,0.5,228.1195,-1.2,0.1999999999999993,-0.9999999999999991,8.881784197001252e-16
4,0.5,0.1,2,100,0.05,0.5,400.5535,-0.9,0.10000000000000098,-1.1999999999999993,0.1999999999999993
4,0.5,0.1,3,50,0.05,0.5,213.1165,-1.0,8.881784197001252e-16,-1.0999999999999992,0.0999999999999992
4,0.5,0.1,3,100,0.05,0.5,367.9045,-1.1,0.0999999999999992,-1.2999999999999994,0.2999999999999994
4,0.5,0.1,4,50,0.05,0.5,153.8615,-1.1,0.0999999999999992,0.5000000000000022,0.4999999999999978
4,0.5,0.1,4,100,0.05,0.5,352.2225,-1.3,0.2999999999999994,-1.1999999999999993,0.1999999999999993
4,0.5,0.05,2,50,0.05,0.5,157.1155,-1.2,0.1999999999999993,0.6000000000000023,0.3999999999999977
4,0.5,0.05,2,100,0.05,0.5,334.4145,-1.3,0.2999999999999994,-0.899999999999999,0.10000000000000098
4,0.5,0.05,3,50,0.05,0.5,168.0305,-0.2,0.8000000000000016,-0.9999999999999991,8.881784197001252e-16
4,0.5,0.05,3,100,0.05,0.5,359.2905,-0.9,0.10000000000000098,0.8000000000000025,0.1999999999999975
4,0.5,0.05,4,50,0.05,0.5,192.9595,-1.2,0.1999999999999993,0.5000000000000022,0.4999999999999978
4,0.5,0.05,4,100,0.05,0.5,352.5776,-1.1,0.0999999999999992,0.9000000000000026,0.09999999999999742
4,0.5,0.01,2,50,0.05,0.5,207.5845,0.5,0.4999999999999978,-1.3999999999999995,0.39999999999999947
4,0.5,0.01,2,100,0.05,0.5,379.9136,-1.0,8.881784197001252e-16,-0.6999999999999988,0.30000000000000115
4,0.5,0.01,3,50,0.05,0.5,200.9225,0.5,0.4999999999999978,-0.6999999999999988,0.30000000000000115
4,0.5,0.01,3,100,0.05,0.5,398.4245,-0.9,0.10000000000000098,-0.49999999999999867,0.5000000000000013
4,0.5,0.01,4,50,0.05,0.5,130.8205,-0.9,0.10000000000000098,0.7000000000000024,0.2999999999999976
4,0.5,0.01,4,100,0.05,0.5,347.7295,-1.1,0.0999999999999992,-1.2999999999999994,0.2999999999999994
4,0.3,0.5,2,50,0.05,0.5,131.1632,-1.0,8.881784197001252e-16,0.7000000000000024,0.2999999999999976
4,0.3,0.5,2,100,0.05,0.5,279.1327,-1.0,8.881784197001252e-16,0.8000000000000025,0.1999999999999975
4,0.3,0.5,3,50,0.05,0.5,142.7395,-1.0,8.881784197001252e-16,-1.9,0.8999999999999999
4,0.3,0.5,3,100,0.05,0.5,287.6606,-1.0,8.881784197001252e-16,-1.9,0.8999999999999999
4,0.3,0.5,4,50,0.05,0.5,209.2855,-1.0,8.881784197001252e-16,0.8000000000000025,0.1999999999999975
4,0.3,0.5,4,100,0.05,0.5,438.9636,-1.0,8.881784197001252e-16,-1.2999999999999994,0.2999999999999994
4,0.3,0.25,2,50,0.05,0.5,101.5616,-1.1,0.0999999999999992,0.7000000000000024,0.2999999999999976
4,0.3,0.25,2,100,0.05,0.5,231.5555,-1.1,0.0999999999999992,-1.1999999999999993,0.1999999999999993
4,0.3,0.25,3,50,0.05,0.5,177.3656,-1.0,8.881784197001252e-16,0.9000000000000026,0.09999999999999742
4,0.3,0.25,3,100,0.05,0.5,307.5034,-1.0,8.881784197001252e-16,0.7000000000000024,0.2999999999999976
4,0.3,0.25,4,50,0.05,0.5,229.1116,0.9,0.09999999999999742,-0.9999999999999991,8.881784197001252e-16
4,0.3,0.25,4,100,0.05,0.5,477.8051,-1.0,8.881784197001252e-16,0.7000000000000024,0.2999999999999976
4,0.3,0.1,2,50,0.05,0.5,165.1599,-1.1,0.0999999999999992,0.8000000000000025,0.1999999999999975
4,0.3,0.1,2,100,0.05,0.5,330.557,1.0,2.6645352591003757e-15,-0.9999999999999991,8.881784197001252e-16
4,0.3,0.1,3,50,0.05,0.5,138.7783,-1.0,8.881784197001252e-16,-0.899999999999999,0.10000000000000098
4,0.3,0.1,3,100,0.05,0.5,351.4647,-0.8,0.20000000000000107,-1.1999999999999993,0.1999999999999993
4,0.3,0.1,4,50,0.05,0.5,175.4733,-1.0,8.881784197001252e-16,-1.1999999999999993,0.1999999999999993
4,0.3,0.1,4,100,0.05,0.5,317.6236,-1.0,8.881784197001252e-16,-0.9999999999999991,8.881784197001252e-16
4,0.3,0.05,2,50,0.05,0.5,202.9035,-1.2,0.1999999999999993,-1.2999999999999994,0.2999999999999994
4,0.3,0.05,2,100,0.05,0.5,342.7236,-1.1,0.0999999999999992,0.6000000000000023,0.3999999999999977
4,0.3,0.05,3,50,0.05,0.5,193.8375,-1.1,0.0999999999999992,0.7000000000000024,0.2999999999999976
4,0.3,0.05,3,100,0.05,0.5,434.7707,-1.0,8.881784197001252e-16,-0.899999999999999,0.10000000000000098
4,0.3,0.05,4,50,0.05,0.5,192.8383,-1.2,0.1999999999999993,-0.9999999999999991,8.881784197001252e-16
4,0.3,0.05,4,100,0.05,0.5,383.1126,-1.0,8.881784197001252e-16,-1.1999999999999993,0.1999999999999993
4,0.3,0.01,2,50,0.05,0.5,197.3635,-0.9,0.10000000000000098,0.9000000000000026,0.09999999999999742
4,0.3,0.01,2,100,0.05,0.5,266.9842,1.1,0.10000000000000275,-1.2999999999999994,0.2999999999999994
4,0.3,0.01,3,50,0.05,0.5,159.2197,-1.2,0.1999999999999993,0.30000000000000204,0.699999999999998
4,0.3,0.01,3,100,0.05,0.5,352.9867,-1.1,0.0999999999999992,0.20000000000000195,0.799999999999998
4,0.3,0.01,4,50,0.05,0.5,202.9886,-1.2,0.1999999999999993,-0.49999999999999867,0.5000000000000013
4,0.3,0.01,4,100,0.05,0.5,383.6835,-0.8,0.20000000000000107,0.8000000000000025,0.1999999999999975
4,0.1,0.5,2,50,0.05,0.5,107.0534,-1.0,8.881784197001252e-16,-1.1999999999999993,0.1999999999999993
4,0.1,0.5,2,100,0.05,0.5,252.6616,-1.0,8.881784197001252e-16,-1.1999999999999993,0.1999999999999993
4,0.1,0.5,3,50,0.05,0.5,110.7746,-1.0,8.881784197001252e-16,-1.0999999999999992,0.0999999999999992
4,0.1,0.5,3,100,0.05,0.5,237.0484,-1.0,8.881784197001252e-16,1.0000000000000027,2.6645352591003757e-15
4,0.1,0.5,4,50,0.05,0.5,113.7055,-1.0,8.881784197001252e-16,1.0000000000000027,2.6645352591003757e-15
4,0.1,0.5,4,100,0.05,0.5,206.7825,-1.0,8.881784197001252e-16,0.8000000000000025,0.1999999999999975
4,0.1,0.25,2,50,0.05,0.5,129.3855,0.8,0.1999999999999975,-1.0999999999999992,0.0999999999999992
4,0.1,0.25,2,100,0.05,0.5,302.5746,-1.1,0.0999999999999992,0.9000000000000026,0.09999999999999742
4,0.1,0.25,3,50,0.05,0.5,167.0806,-1.1,0.0999999999999992,-1.1999999999999993,0.1999999999999993
4,0.1,0.25,3,100,0.05,0.5,268.2145,-1.0,8.881784197001252e-16,-1.0999999999999992,0.0999999999999992
4,0.1,0.25,4,50,0.05,0.5,101.3385,-1.0,8.881784197001252e-16,-1.1999999999999993,0.1999999999999993
4,0.1,0.25,4,100,0.05,0.5,252.4745,-1.0,8.881784197001252e-16,-1.0999999999999992,0.0999999999999992
4,0.1,0.1,2,50,0.05,0.5,125.1056,-1.1,0.0999999999999992,1.400000000000003,0.400000000000003
4,0.1,0.1,2,100,0.05,0.5,298.8715,-1.2,0.1999999999999993,1.300000000000003,0.30000000000000293
4,0.1,0.1,3,50,0.05,0.5,149.5015,1.1,0.10000000000000275,-1.0999999999999992,0.0999999999999992
4,0.1,0.1,3,100,0.05,0.5,282.4675,-1.0,8.881784197001252e-16,0.7000000000000024,0.2999999999999976
4,0.1,0.1,4,50,0.05,0.5,117.1785,-0.9,0.10000000000000098,1.1000000000000028,0.10000000000000275
4,0.1,0.1,4,100,0.05,0.5,271.2136,-1.1,0.0999999999999992,-1.0999999999999992,0.0999999999999992
4,0.1,0.05,2,50,0.05,0.5,121.1215,-1.1,0.0999999999999992,-1.4999999999999996,0.49999999999999956
4,0.1,0.05,2,100,0.05,0.5,269.1176,-1.2,0.1999999999999993,-1.1999999999999993,0.1999999999999993
4,0.1,0.05,3,50,0.05,0.5,140.5305,-1.0,8.881784197001252e-16,-1.0999999999999992,0.0999999999999992
4,0.1,0.05,3,100,0.05,0.5,334.4146,-1.1,0.0999999999999992,-1.1999999999999993,0.1999999999999993
4,0.1,0.05,4,50,0.05,0.5,212.7689,-1.0,8.881784197001252e-16,-1.0999999999999992,0.0999999999999992
4,0.1,0.05,4,100,0.05,0.5,413.0613,-1.0,8.881784197001252e-16,1.0000000000000027,2.6645352591003757e-15
4,0.1,0.01,2,50,0.05,0.5,167.8575,-1.5,0.49999999999999956,-1.5999999999999996,0.5999999999999996
4,0.1,0.01,2,100,0.05,0.5,396.8081,-1.6,0.5999999999999996,0.30000000000000204,0.699999999999998
4,0.1,0.01,3,50,0.05,0.5,182.7692,-1.5,0.49999999999999956,-1.1999999999999993,0.1999999999999993
4,0.1,0.01,3,100,0.05,0.5,241.3784,1.3,0.30000000000000293,-1.2999999999999994,0.2999999999999994
4,0.1,0.01,4,50,0.05,0.5,120.3056,1.1,0.10000000000000275,0.9000000000000026,0.09999999999999742
4,0.1,0.01,4,100,0.05,0.5,238.5175,1.1,0.10000000000000275,1.0000000000000027,2.6645352591003757e-15
